"","Player","Pos","Age","Tm","G","GS","MP","FG","FGA","FG.","X3P","X3PA","X3P.","X2P","X2PA","X2P.","eFG.","FT","FTA","FT.","ORB","DRB","TRB","AST","STL","BLK","TOV","PF","PS.G"
"1","Arron Afflalo","SG",24,"DEN",82,75,27.1,3.3,7.1,0.465,1.3,3,0.434,2,4.1,0.488,0.557,0.9,1.2,0.735,0.7,2.4,3.1,1.7,0.6,0.4,0.9,2.7,8.8
"2","Alexis Ajinca","C",21,"CHA",6,0,5,0.8,1.7,0.5,0,0,0.0,0.8,1.7,0.5,0.5,0,0.2,0,0.2,0.5,0.7,0,0.2,0.2,0.3,0.8,1.7
"3","LaMarcus Aldridge","PF",24,"POR",78,78,37.5,7.4,15,0.495,0.1,0.2,0.313,7.4,14.8,0.498,0.497,2.9,3.9,0.757,2.5,5.6,8,2.1,0.9,0.6,1.3,3,17.9
"4","Joe Alexander","SF",23,"CHI",8,0,3.6,0.1,0.8,0.167,0,0.1,0,0.1,0.6,0.2,0.167,0.3,0.4,0.667,0.3,0.4,0.6,0.3,0.1,0.1,0,1.1,0.5
"5","Malik Allen","PF",31,"DEN",51,3,8.9,0.9,2.3,0.397,0,0.1,0.167,0.9,2.2,0.409,0.401,0.2,0.3,0.923,0.7,0.9,1.6,0.3,0.2,0.1,0.4,1.3,2.1
"6","Ray Allen","SG",34,"BOS",80,80,35.2,5.8,12.2,0.477,1.8,5,0.363,4,7.2,0.556,0.551,2.9,3.2,0.913,0.6,2.6,3.2,2.6,0.8,0.3,1.6,2.3,16.3
"7","Tony Allen","SG",28,"BOS",54,8,16.5,2.4,4.7,0.51,0,0.1,0,2.4,4.6,0.52,0.51,1.3,2.2,0.605,1,1.7,2.7,1.3,1.1,0.4,1.2,2,6.1
"8","Lou Amundson","PF",27,"PHO",79,0,14.8,1.9,3.5,0.551,0,0,0,1.9,3.5,0.553,0.551,0.8,1.6,0.545,1.6,2.8,4.4,0.4,0.3,0.9,0.7,2.1,4.7
"9","Chris Andersen","PF",31,"DEN",76,0,22.3,1.9,3.3,0.566,0,0,0,1.9,3.3,0.573,0.566,2.2,3.1,0.695,1.9,4.4,6.4,0.4,0.6,1.9,0.8,2.3,5.9
"10","David Andersen","C",29,"HOU",63,0,14.1,2.3,5.4,0.432,0.4,1.2,0.346,1.9,4.2,0.458,0.472,0.7,1.1,0.687,0.9,2.4,3.3,0.7,0.2,0.2,0.6,1.9,5.8
"11","Antonio Anderson","SF",24,"OKC",1,0,15,1,3,0.333,0,0,0.0,1,3,0.333,0.333,0,0,0.0,1,0,1,0,0,0,1,1,2
"12","Ryan Anderson","PF",21,"ORL",63,6,14.5,2.7,6.2,0.436,1.2,3.3,0.37,1.4,2.8,0.514,0.536,1.1,1.3,0.866,1.1,2.1,3.2,0.6,0.4,0.2,0.9,1.3,7.7
"13","Carmelo Anthony","SF",25,"DEN",69,69,38.2,10,21.8,0.458,0.9,2.7,0.316,9.1,19.1,0.478,0.478,7.4,8.9,0.83,2.2,4.4,6.6,3.2,1.3,0.4,3,3.3,28.2
"14","Joel Anthony","C",27,"MIA",80,16,16.5,1,2,0.478,0,0,0.0,1,2,0.478,0.478,0.8,1.2,0.717,1.5,1.6,3.1,0.2,0.3,1.4,0.6,2,2.7
"15","Gilbert Arenas","PG",28,"WAS",32,32,36.5,7.9,19.3,0.411,2,5.7,0.348,5.9,13.6,0.437,0.462,4.8,6.5,0.739,0.5,3.6,4.2,7.2,1.3,0.3,3.7,3,22.6
"16","Trevor Ariza","SF",24,"HOU",72,71,36.5,5.5,13.9,0.394,1.9,5.7,0.334,3.6,8.2,0.436,0.462,2.1,3.2,0.649,1.1,4.5,5.6,3.8,1.8,0.6,2.2,2.3,14.9
"17","Carlos Arroyo","PG",30,"MIA",72,35,22,2.5,5.2,0.475,0.1,0.3,0.28,2.4,4.9,0.489,0.484,1.1,1.3,0.844,0.4,1.4,1.8,3.1,0.5,0.1,0.8,1.4,6.1
"18","Darrell Arthur","PF",21,"MEM",32,1,14.3,2,4.6,0.432,0,0,0,2,4.5,0.434,0.432,0.5,0.9,0.567,1.2,2.3,3.4,0.5,0.4,0.4,0.7,1.9,4.5
"19","Chucky Atkins","PG",35,"DET",40,11,16.1,1.4,3.9,0.363,0.6,1.8,0.301,0.9,2.1,0.417,0.433,0.6,0.7,0.926,0.1,0.6,0.7,2.3,0.4,0,0.8,1.3,4
"20","D.J. Augustin","PG",22,"CHA",80,2,18.4,2.1,5.4,0.386,0.9,2.2,0.393,1.2,3.2,0.381,0.467,1.3,1.6,0.779,0.1,1.1,1.2,2.4,0.6,0.1,0.9,1.6,6.4
"21","Jeff Ayres","C",22,"POR",39,4,10.4,1.1,1.7,0.662,0,0,0.0,1.1,1.7,0.662,0.662,0.5,0.5,0.9,0.6,1.9,2.5,0,0.2,0.4,0.3,1.9,2.7
"22","Kelenna Azubuike","SF",26,"GSW",9,7,25.7,5.3,9.8,0.545,1.1,3,0.37,4.2,6.8,0.623,0.602,2.1,3.1,0.679,1.3,3.2,4.6,1.1,0.6,1,0.8,1.8,13.9
"23","Renaldo Balkman","SF",25,"DEN",13,1,7,0.5,1.4,0.333,0,0.5,0,0.5,0.8,0.545,0.333,0.2,0.5,0.333,0.3,1.5,1.8,0.5,0.6,0.2,0.5,1.2,1.1
"24","Marcus Banks","PG",28,"TOR",22,0,11.1,1.8,3.3,0.534,0.3,1.1,0.292,1.5,2.2,0.653,0.582,1.1,1.3,0.828,0.1,0.9,1,1.2,0.5,0.1,0.9,1.4,5
"25","Leandro Barbosa","PG",27,"PHO",44,5,17.9,3.5,8.3,0.425,1,3.1,0.324,2.5,5.2,0.485,0.485,1.5,1.7,0.877,0.3,1.3,1.6,1.5,0.5,0.3,1,1.6,9.5
"26","J.J. Barea","PG",25,"DAL",78,18,19.8,3,6.8,0.44,0.7,2,0.357,2.3,4.7,0.476,0.493,1,1.2,0.844,0.2,1.7,1.9,3.3,0.4,0.1,1.3,1.5,7.6
"27","Andrea Bargnani","PF",24,"TOR",80,80,35,6.7,14.3,0.47,1.5,4.1,0.372,5.2,10.2,0.509,0.523,2.3,2.9,0.774,1.3,4.9,6.2,1.2,0.3,1.4,1.5,2.7,17.2
"28","Matt Barnes","SF",29,"ORL",81,58,25.9,3.3,6.9,0.487,0.8,2.6,0.319,2.5,4.3,0.586,0.546,1.3,1.8,0.74,1.3,4.2,5.5,1.7,0.7,0.4,1.4,2.3,8.8
"29","Earl Barron","C",28,"NYK",7,6,33.1,4.3,9.7,0.441,0,0,0.0,4.3,9.7,0.441,0.441,3.1,4.1,0.759,4.4,6.6,11,1.1,0.6,0.6,1.6,3.4,11.7
"30","Brandon Bass","PF",24,"ORL",50,3,13,2.4,4.7,0.511,0,0,0.0,2.4,4.7,0.511,0.511,1,1.3,0.825,1.1,1.5,2.5,0.4,0.2,0.5,0.6,1.4,5.8
"31","Tony Battie","C",33,"NJN",15,0,8.9,0.9,2.7,0.35,0.1,0.3,0.25,0.9,2.4,0.361,0.363,0.5,0.7,0.7,0.3,1.3,1.5,0.2,0.3,0.1,0.2,1.3,2.4
"32","Shane Battier","SG",31,"HOU",67,62,32.4,2.7,6.7,0.398,1.5,4.2,0.362,1.1,2.5,0.458,0.511,1.1,1.6,0.726,1.1,3.6,4.7,2.4,0.8,1.1,1,2.1,8
"33","Nicolas Batum","SF",21,"POR",37,25,24.8,3.8,7.2,0.519,1.5,3.6,0.409,2.3,3.7,0.625,0.619,1.2,1.4,0.843,0.9,2.9,3.8,1.2,0.6,0.7,0.7,2.2,10.1
"34","Jerryd Bayless","SG",21,"POR",74,11,17.6,2.7,6.5,0.414,0.4,1.2,0.315,2.3,5.3,0.437,0.444,2.7,3.3,0.831,0.2,1.4,1.6,2.3,0.4,0.1,1.3,2.1,8.5
"35","Michael Beasley","PF",21,"MIA",78,78,29.8,6,13.3,0.45,0.4,1.3,0.275,5.6,12,0.469,0.463,2.5,3.1,0.8,1.6,4.8,6.4,1.3,1,0.6,1.7,2.8,14.8
"36","Rodrigue Beaubois","PG",21,"DAL",56,16,12.5,2.8,5.3,0.518,0.8,2,0.409,2,3.4,0.582,0.594,0.8,0.9,0.808,0.2,1.2,1.4,1.3,0.5,0.2,1,1.5,7.1
"37","Marco Belinelli","SG",23,"TOR",66,1,17,2.3,5.7,0.406,0.9,2.4,0.38,1.4,3.3,0.425,0.485,1.5,1.8,0.835,0.2,1.2,1.4,1.3,0.6,0.1,0.9,1.2,7.1
"38","Charlie Bell","SG",30,"MIL",71,39,22.7,2.4,6.2,0.381,1,2.8,0.365,1.4,3.4,0.395,0.464,0.7,0.9,0.716,0.4,1.4,1.9,1.5,0.5,0.2,0.8,1.9,6.5
"39","Jonathan Bender","SF",29,"NYK",25,1,11.7,1.6,4,0.4,0.6,1.6,0.359,1,2.4,0.426,0.47,1,1,0.923,0.6,1.5,2.1,0.6,0.1,0.7,1.1,1.3,4.7
"40","Mike Bibby","PG",31,"ATL",80,80,27.4,3.4,8.1,0.416,1.6,4.1,0.389,1.8,4,0.444,0.514,0.9,1,0.861,0.3,2.1,2.3,3.9,0.8,0,1.1,2,9.1
"41","Andris Biedrins","C",23,"GSW",33,29,23.1,2.5,4.2,0.591,0,0,0.0,2.5,4.2,0.591,0.591,0.1,0.8,0.16,1.9,5.9,7.8,1.7,0.6,1.3,1,3.5,5
"42","Chauncey Billups","PG",33,"DEN",73,73,34.1,5.5,13.2,0.418,2.2,5.6,0.386,3.4,7.6,0.441,0.499,6.4,7,0.91,0.3,2.8,3.1,5.6,1.1,0.1,2.4,2.1,19.5
"43","DeJuan Blair","PF",20,"SAS",82,23,18.2,3.4,6,0.556,0,0,0,3.4,6,0.558,0.556,1.1,2,0.547,2.4,4,6.4,0.8,0.6,0.5,1.4,2.7,7.8
"44","Andray Blatche","PF",23,"WAS",81,36,27.9,5.9,12.3,0.478,0.2,0.5,0.295,5.7,11.8,0.487,0.485,2.1,2.9,0.744,2,4.3,6.3,2.1,1,0.9,2.2,2.7,14.1
"45","Keith Bogans","SF",29,"SAS",79,50,19.7,1.5,3.8,0.403,0.9,2.5,0.357,0.6,1.3,0.49,0.52,0.5,0.6,0.74,0.3,1.9,2.2,1.2,0.6,0.2,0.7,2,4.4
"46","Andrew Bogut","C",25,"MIL",69,69,32.3,6.9,13.2,0.52,0,0,0,6.9,13.2,0.521,0.52,2.2,3.4,0.629,3,7.1,10.2,1.8,0.6,2.5,1.9,3.2,15.9
"47","Matt Bonner","PF",29,"SAS",65,8,17.9,2.6,5.7,0.446,1.4,3.6,0.39,1.2,2.2,0.539,0.567,0.5,0.7,0.729,0.8,2.5,3.3,1,0.5,0.4,0.6,1.7,7
"48","Josh Boone","PF",25,"NJN",63,28,16.6,1.9,3.5,0.525,0,0,0.0,1.9,3.5,0.525,0.525,0.3,0.9,0.328,2,3,5,0.5,0.5,0.8,0.6,1.8,4
"49","Carlos Boozer","PF",28,"UTA",78,78,34.3,7.9,14.1,0.562,0,0,0.0,7.9,14.1,0.562,0.562,3.7,4.9,0.742,2.3,8.9,11.2,3.2,1.1,0.5,2.7,3.5,19.5
"50","Chris Bosh","C",25,"TOR",70,70,36.1,8.6,16.5,0.518,0.1,0.3,0.364,8.5,16.2,0.521,0.522,6.7,8.4,0.797,2.9,7.9,10.8,2.4,0.6,1,2.4,2.4,24
"51","Ryan Bowen","SF",34,"OKC",1,0,8,1,1,1,0,0,0.0,1,1,1,1,2,2,1,1,1,2,0,1,0,0,2,4
"52","Earl Boykins","PG",33,"WAS",67,1,16.7,2.6,6,0.427,0.3,0.9,0.317,2.3,5.1,0.446,0.45,1.1,1.3,0.865,0.3,0.9,1.1,2.6,0.4,0,1,0.7,6.6
"53","Elton Brand","PF",30,"PHI",76,57,30.2,5.4,11.3,0.48,0,0,0,5.4,11.3,0.481,0.48,2.3,3.1,0.738,2.4,3.7,6.1,1.4,1.1,1.1,1.7,3.1,13.1
"54","Corey Brewer","SG",23,"MIN",82,82,30.3,5,11.6,0.431,1,2.9,0.346,4,8.7,0.459,0.474,2,3.1,0.648,0.9,2.5,3.4,2.4,1.4,0.4,2,2.7,13
"55","Jon Brockman","PF",22,"SAC",52,4,12.6,1.1,2,0.534,0,0,0.0,1.1,2,0.534,0.534,0.7,1.2,0.597,2,2.1,4.1,0.4,0.3,0.1,0.4,2.2,2.8
"56","Aaron Brooks","PG",25,"HOU",82,82,35.6,7,16.2,0.432,2.5,6.4,0.398,4.5,9.8,0.454,0.511,3,3.6,0.822,0.7,2,2.6,5.3,0.8,0.2,2.8,2.4,19.6
"57","Derrick Brown","SF",22,"CHA",57,0,9.4,1.2,2.6,0.463,0,0.1,0.286,1.2,2.5,0.471,0.469,0.8,1.3,0.667,0.5,0.8,1.4,0.3,0.4,0.2,0.3,0.9,3.3
"58","Kwame Brown","C",27,"DET",48,1,13.8,1.3,2.6,0.5,0,0,0,1.3,2.6,0.504,0.5,0.7,2,0.337,1.1,2.6,3.7,0.5,0.3,0.3,0.9,1.9,3.3
"59","Shannon Brown","SG",24,"LAL",82,7,20.7,3.1,7.2,0.427,0.8,2.3,0.328,2.3,4.9,0.474,0.48,1.2,1.5,0.818,0.4,1.9,2.2,1.3,0.7,0.4,0.8,1.6,8.1
"60","Kobe Bryant","SG",31,"LAL",73,73,38.8,9.8,21.5,0.456,1.4,4.1,0.329,8.5,17.4,0.487,0.488,6,7.4,0.811,1.1,4.3,5.4,5,1.5,0.3,3.2,2.6,27
"61","Chase Budinger","SF",21,"HOU",74,4,20.1,3.4,7.6,0.441,1.2,3.4,0.369,2.1,4.3,0.497,0.522,0.9,1.2,0.77,0.5,2.5,3,1.2,0.5,0.1,0.6,1.1,8.9
"62","Rasual Butler","SF",30,"LAC",82,64,33,4.3,10.6,0.409,1.8,5.3,0.336,2.6,5.3,0.482,0.493,1.5,1.8,0.841,0.5,2.5,2.9,1.4,0.4,0.8,1,1.5,11.9
"63","Andrew Bynum","C",22,"LAL",65,65,30.4,6,10.6,0.57,0,0,0,6,10.6,0.571,0.57,3,4,0.739,2.7,5.6,8.3,1,0.5,1.4,1.8,3,15
"64","Will Bynum","PG",27,"DET",63,20,26.5,3.8,8.5,0.444,0.2,0.9,0.218,3.6,7.6,0.47,0.455,2.3,2.8,0.798,0.4,1.9,2.3,4.5,0.9,0.1,1.8,2.3,10
"65","Jose Calderon","PG",28,"TOR",68,39,26.7,4,8.4,0.482,1,2.5,0.398,3,5.8,0.519,0.542,1.2,1.5,0.798,0.3,1.8,2.1,5.9,0.7,0.1,1.5,2,10.3
"66","Brian Cardinal","PF",32,"MIN",29,0,9.2,0.5,1.2,0.389,0.1,0.3,0.333,0.4,0.9,0.407,0.431,0.6,0.6,0.944,0.2,0.8,1,0.8,0.3,0.1,0.2,1.9,1.7
"67","Rodney Carney","SG",25,"PHI",68,0,12.6,1.7,4.1,0.401,0.6,2,0.304,1.1,2.2,0.49,0.473,0.8,0.9,0.825,0.4,1.6,2,0.5,0.4,0.3,0.3,1.2,4.7
"68","DeMarre Carroll","SF",23,"MEM",71,1,11.2,1.2,3.1,0.396,0,0.1,0,1.2,3,0.407,0.396,0.5,0.7,0.623,0.7,1.4,2.1,0.5,0.4,0.1,0.3,1.5,2.9
"69","Matt Carroll","SG",29,"DAL",25,0,4.8,0.7,2,0.36,0.2,0.8,0.211,0.6,1.2,0.452,0.4,0.2,0.2,1,0.2,0.3,0.5,0.2,0.2,0,0.3,0.5,1.8
"70","Anthony Carter","PG",34,"DEN",54,7,15.9,1.4,3.4,0.42,0.3,1.2,0.27,1.1,2.2,0.5,0.467,0.2,0.2,0.846,0.3,1.3,1.6,3,0.7,0.2,1.1,1.3,3.3
"71","Vince Carter","SG",33,"ORL",75,74,30.8,5.8,13.5,0.428,1.6,4.3,0.367,4.2,9.2,0.456,0.486,3.4,4.1,0.84,0.4,3.5,3.9,3.1,0.7,0.2,1.4,2.5,16.6
"72","Omri Casspi","SF",21,"SAC",77,31,25.1,3.9,8.7,0.446,1,2.6,0.369,2.9,6.1,0.48,0.502,1.5,2.3,0.672,1,3.6,4.5,1.2,0.7,0.2,1.3,1.6,10.3
"73","Mario Chalmers","PG",23,"MIA",73,22,24.8,2.5,6.2,0.401,1,3.2,0.318,1.5,3,0.491,0.483,1.1,1.5,0.745,0.3,1.5,1.8,3.4,1.2,0.2,1.7,2.4,7.1
"74","Tyson Chandler","C",27,"CHA",51,27,22.8,2.1,3.7,0.574,0,0,0.0,2.1,3.7,0.574,0.574,2.3,3.1,0.732,2.2,4,6.3,0.3,0.3,1.1,1.8,2.7,6.5
"75","Wilson Chandler","SG",22,"NYK",65,64,35.7,6.3,13.2,0.479,0.6,2.3,0.267,5.7,10.9,0.524,0.502,2,2.5,0.806,1.4,3.9,5.4,2.1,0.7,0.8,1.7,2.8,15.3
"76","Earl Clark","PF",22,"PHO",51,0,7.5,1.1,3,0.371,0,0.1,0.4,1.1,2.9,0.37,0.377,0.5,0.7,0.722,0.4,0.9,1.2,0.4,0.1,0.3,0.5,0.5,2.7
"77","Jarron Collins","C",31,"PHO",34,10,7.7,0.4,0.9,0.387,0,0,0.0,0.4,0.9,0.387,0.387,0.3,0.7,0.4,0.6,1.2,1.8,0.2,0.1,0.1,0.3,1.2,1
"78","Jason Collins","C",31,"ATL",24,0,4.8,0.3,1,0.348,0,0,0,0.3,0.9,0.364,0.348,0,0.1,0,0.2,0.4,0.6,0.2,0.1,0.1,0.2,0.9,0.7
"79","Mardy Collins","SG",25,"LAC",43,0,10.9,1.1,3,0.367,0.1,0.4,0.235,1,2.6,0.387,0.383,0.3,0.5,0.619,0.3,0.9,1.2,1,0.5,0,0.7,1,2.6
"80","Darren Collison","PG",22,"NOH",76,37,27.8,4.9,10.4,0.477,0.6,1.5,0.4,4.3,8.9,0.49,0.506,1.9,2.3,0.851,0.5,2,2.5,5.7,1,0.1,2.7,1.2,12.4
"81","Nick Collison","C",29,"OKC",75,5,20.8,2.4,4.1,0.589,0,0.1,0.25,2.4,4.1,0.593,0.591,1,1.4,0.692,2,3.1,5.1,0.5,0.5,0.6,0.8,3.1,5.9
"82","Mike Conley","PG",22,"MEM",80,80,32.1,4.6,10.4,0.445,1,2.7,0.387,3.6,7.7,0.464,0.494,1.7,2.3,0.743,0.4,2,2.4,5.3,1.4,0.2,2.1,2.2,12
"83","Will Conroy","PG",27,"HOU",5,0,7.2,0.6,2,0.3,0,0.6,0,0.6,1.4,0.429,0.3,0,0.4,0,0,0.6,0.6,1.4,0,0,0.8,1,1.2
"84","Brian Cook","PF",29,"HOU",15,0,2.9,0.5,1.5,0.304,0.1,0.6,0.222,0.3,0.9,0.357,0.348,0.3,0.5,0.714,0.1,0.5,0.6,0.1,0,0.1,0.4,0.3,1.4
"85","Daequan Cook","SG",22,"MIA",45,3,15.4,1.8,5.6,0.32,0.9,2.8,0.317,0.9,2.8,0.323,0.399,0.5,0.6,0.84,0.2,1.6,1.8,1,0.3,0.2,0.5,1.1,5
"86","Jamal Crawford","SG",29,"ATL",79,0,31.1,6.3,14,0.449,2.1,5.4,0.382,4.2,8.6,0.491,0.523,3.4,4,0.857,0.4,2.1,2.5,3,0.8,0.2,1.7,1.7,18
"87","Dante Cunningham","PF",22,"POR",63,2,11.2,1.7,3.4,0.495,0,0,0,1.7,3.4,0.5,0.495,0.5,0.8,0.646,0.9,1.7,2.5,0.2,0.4,0.3,0.2,1.5,3.9
"88","Eddy Curry","C",27,"NYK",7,0,8.9,1.1,3,0.381,0,0,0.0,1.1,3,0.381,0.381,1.4,2.4,0.588,0.6,1.3,1.9,0,0,0.1,1.9,1.9,3.7
"89","JamesOn Curry","PG",24,"LAC",1,0,0,0,0,0.0,0,0,0.0,0,0,0.0,0.0,0,0,0.0,0,0,0,0,0,0,0,0,0
"90","Stephen Curry","PG",21,"GSW",80,77,36.2,6.6,14.3,0.462,2.1,4.8,0.437,4.5,9.5,0.474,0.535,2.2,2.5,0.885,0.6,3.9,4.5,5.9,1.9,0.2,3,3.2,17.5
"91","Samuel Dalembert","C",28,"PHI",82,80,25.9,3.5,6.4,0.545,0,0,0.0,3.5,6.4,0.545,0.545,1.2,1.6,0.729,2.9,6.6,9.6,0.8,0.5,1.8,1.5,3.1,8.1
"92","Erick Dampier","C",34,"DAL",55,47,23.3,2.4,3.9,0.624,0,0.1,0.333,2.4,3.8,0.629,0.627,1.1,1.8,0.604,2.3,4.9,7.3,0.6,0.3,1.4,1.1,2.8,6
"93","Marquis Daniels","SF",29,"BOS",51,4,18.4,2.4,4.9,0.498,0.1,0.5,0.214,2.3,4.3,0.534,0.51,0.7,1.1,0.607,0.5,1.3,1.9,1.3,0.5,0.1,0.8,1.8,5.6
"94","Baron Davis","PG",30,"LAC",75,73,33.6,5.5,13.5,0.406,1.1,3.9,0.277,4.4,9.6,0.459,0.446,3.2,3.9,0.821,0.7,2.9,3.5,8,1.7,0.6,2.8,2.8,15.3
"95","Glen Davis","PF",24,"BOS",54,1,17.3,2.3,5.2,0.437,0,0.1,0,2.3,5.1,0.444,0.437,1.8,2.6,0.696,1.9,1.9,3.8,0.6,0.4,0.3,1,2.4,6.3
"96","Paul Davis","PF",25,"WAS",2,0,4,1,2,0.5,0,0,0.0,1,2,0.5,0.5,0.5,1,0.5,0,0,0,1.5,0,0.5,0,0,2.5
"97","Ricky Davis","SF",30,"LAC",36,2,13.9,1.7,4,0.434,0.4,1.2,0.381,1.3,2.8,0.455,0.49,0.5,0.9,0.581,0.3,1.3,1.6,1.1,0.3,0.1,0.8,1.1,4.4
"98","Austin Daye","SF",21,"DET",69,4,13.3,2,4.3,0.464,0.4,1.4,0.305,1.6,2.9,0.54,0.514,0.7,0.8,0.821,0.5,2,2.5,0.5,0.4,0.4,0.7,1.7,5.1
"99","DeMar DeRozan","SG",20,"TOR",77,65,21.6,3.3,6.6,0.498,0.1,0.2,0.25,3.3,6.4,0.506,0.502,1.9,2.5,0.763,0.9,2,2.9,0.7,0.6,0.2,0.8,2.3,8.6
"100","Carlos Delfino","SF",27,"MIL",75,66,30.4,4,9.8,0.408,1.8,4.9,0.367,2.2,4.9,0.45,0.5,1.2,1.6,0.782,0.7,4.6,5.3,2.7,1.1,0.3,1.6,1.8,11
"101","Luol Deng","SF",24,"CHI",70,69,37.9,6.8,14.5,0.466,0.5,1.2,0.386,6.3,13.3,0.474,0.482,3.6,4.7,0.764,1.9,5.4,7.3,2,0.9,0.9,1.9,1.8,17.6
"102","Boris Diaw","PF",27,"CHA",82,82,35.4,4.5,9.4,0.483,0.8,2.5,0.32,3.7,6.9,0.541,0.525,1.4,1.8,0.769,1.6,3.6,5.2,4,0.7,0.7,2.2,2.7,11.3
"103","Yakhouba Diawara","SG",27,"MIA",6,2,7.3,0.3,1.7,0.2,0.2,1,0.167,0.2,0.7,0.25,0.25,0,0,0.0,0.2,0.5,0.7,0.5,0.2,0,0.5,1.3,0.8
"104","DeSagana Diop","C",28,"CHA",27,0,9.7,0.6,1.1,0.517,0,0,0.0,0.6,1.1,0.517,0.517,0.1,0.3,0.222,0.9,1.5,2.4,0.2,0.2,0.5,0.4,1.1,1.2
"105","Keyon Dooling","PG",29,"NJN",53,8,18.3,2.4,6.1,0.398,1.1,3,0.376,1.3,3.2,0.419,0.489,0.9,1.2,0.77,0.2,0.9,1,2.5,0.6,0,1.1,1.5,6.9
"106","Toney Douglas","PG",23,"NYK",56,12,19.4,3.2,7,0.458,1.2,3.1,0.389,2,3.9,0.514,0.545,1,1.2,0.809,0.7,1.2,1.9,2,0.8,0.1,1,2.1,8.6
"107","Chris Douglas-Roberts","SF",23,"NJN",67,38,25.8,3.8,8.6,0.445,0.2,0.8,0.259,3.6,7.7,0.464,0.457,2,2.3,0.847,0.7,2.3,3,1.4,0.8,0.3,1.4,1.5,9.8
"108","Goran Dragic","PG",23,"PHO",80,2,18,2.8,6.1,0.452,0.9,2.4,0.394,1.9,3.8,0.488,0.527,1.5,2,0.736,0.5,1.7,2.1,3,0.6,0.1,1.6,1.6,7.9
"109","Jared Dudley","SF",24,"PHO",82,1,24.3,2.7,6,0.459,1.5,3.2,0.458,1.3,2.8,0.461,0.582,1.3,1.7,0.754,1.2,2.2,3.4,1.4,1,0.2,0.8,2,8.2
"110","Chris Duhon","PG",27,"NYK",67,59,30.9,2.5,6.7,0.373,1.3,3.9,0.349,1.2,2.9,0.404,0.472,1,1.4,0.716,0.4,2.2,2.7,5.6,0.9,0,1.6,1.2,7.4
"111","Tim Duncan","C",33,"SAS",78,77,31.3,7.2,13.9,0.518,0,0.1,0.182,7.2,13.7,0.522,0.519,3.5,4.8,0.725,2.8,7.3,10.1,3.2,0.6,1.5,1.8,1.9,17.9
"112","Mike Dunleavy","SF",29,"IND",67,15,22.2,3.4,8.3,0.41,1.1,3.5,0.318,2.3,4.8,0.478,0.478,2,2.4,0.842,0.4,3.1,3.5,1.5,0.6,0.2,1.1,1.6,9.9
"113","Kevin Durant","SF",21,"OKC",82,82,39.5,9.7,20.3,0.476,1.6,4.3,0.365,8.1,16.1,0.506,0.514,9.2,10.2,0.9,1.3,6.3,7.6,2.8,1.4,1,3.3,2.1,30.1
"114","Wayne Ellington","SG",22,"MIN",76,1,18.2,2.5,5.9,0.424,0.8,2.1,0.395,1.7,3.8,0.441,0.496,0.8,0.9,0.871,0.4,1.7,2.1,1,0.3,0.1,1,0.9,6.6
"115","Monta Ellis","SG",24,"GSW",64,64,41.4,9.9,22,0.449,1.2,3.6,0.338,8.7,18.4,0.47,0.476,4.6,6.1,0.753,0.7,3.3,4,5.3,2.2,0.4,3.8,3,25.5
"116","Maurice Evans","SF",31,"ATL",79,5,16.7,2.2,5,0.445,0.7,2.1,0.337,1.5,2.8,0.527,0.518,0.6,0.8,0.754,0.7,1.2,1.9,0.6,0.4,0.2,0.3,1.6,5.7
"117","Reggie Evans","PF",29,"TOR",28,1,11.1,1.2,2.5,0.493,0,0,0.0,1.2,2.5,0.493,0.493,1,2.1,0.45,1.1,2.7,3.8,0.3,0.5,0.1,0.8,1.6,3.4
"118","Tyreke Evans","SG",20,"SAC",72,72,37.2,7.4,16.2,0.458,0.5,2,0.255,6.9,14.2,0.485,0.473,4.8,6.5,0.748,0.9,4.4,5.3,5.8,1.5,0.4,3,2.8,20.1
"119","Jordan Farmar","PG",23,"LAL",82,0,18,2.7,6.3,0.435,1,2.8,0.376,1.7,3.5,0.483,0.518,0.7,1,0.671,0.2,1.4,1.6,1.5,0.6,0.1,0.9,1.3,7.2
"120","Raymond Felton","PG",25,"CHA",80,80,33,4.9,10.6,0.459,0.8,2,0.385,4.1,8.6,0.475,0.494,1.7,2.2,0.763,0.7,2.9,3.6,5.6,1.5,0.3,2.1,2.2,12.1
"121","Rudy Fernandez","SG",24,"POR",62,2,23.2,2.6,6.8,0.378,1.6,4.3,0.368,1,2.5,0.395,0.494,1.4,1.6,0.867,0.6,2.1,2.6,2,1,0.2,1.2,1.4,8.1
"122","Kyrylo Fesenko","C",23,"UTA",49,5,8.3,1.1,1.9,0.547,0,0,0,1.1,1.9,0.553,0.547,0.5,1.2,0.421,0.7,1.2,1.8,0.3,0.1,0.4,0.5,1.6,2.6
"123","Derek Fisher","PG",35,"LAL",82,82,27.2,2.6,6.8,0.38,1,2.7,0.348,1.6,4.1,0.401,0.45,1.4,1.6,0.856,0.3,1.8,2.1,2.5,1.1,0.1,1,2.5,7.5
"124","Jonny Flynn","PG",20,"MIN",81,81,28.9,4.9,11.8,0.417,1,2.7,0.358,4,9.1,0.434,0.457,2.8,3.3,0.826,0.3,2.1,2.4,4.4,1,0,2.9,1.2,13.5
"125","T.J. Ford","PG",26,"IND",47,32,25.3,4,8.9,0.445,0.2,1.1,0.16,3.8,7.8,0.484,0.455,2.2,2.9,0.77,0.9,2.3,3.2,3.8,0.9,0.2,1.9,2.2,10.3
"126","Jeff Foster","C",33,"IND",16,3,15.9,1.4,2.9,0.478,0,0.1,0,1.4,2.8,0.489,0.478,0.3,0.6,0.556,2.1,2.9,5.1,1.3,0.2,0.3,0.9,2.8,3.1
"127","Randy Foye","PG",26,"WAS",70,38,23.8,3.7,8.8,0.414,0.9,2.6,0.346,2.8,6.2,0.442,0.464,1.8,2.1,0.89,0.2,1.6,1.9,3.3,0.5,0.1,1.3,1.8,10.1
"128","Channing Frye","C",26,"PHO",81,41,27,3.9,8.7,0.451,2.1,4.8,0.439,1.8,3.8,0.466,0.573,1.2,1.5,0.81,0.8,4.5,5.3,1.4,0.8,0.9,0.9,3.2,11.2
"129","Dan Gadzuric","C",31,"MIL",32,6,9.8,1.2,2.8,0.438,0,0,0.0,1.2,2.8,0.438,0.438,0.3,0.8,0.4,1.2,1.7,2.9,0.4,0.3,0.4,0.5,2,2.8
"130","Sundiata Gaines","PG",23,"UTA",32,0,6.8,1.2,2.6,0.463,0.2,0.8,0.269,1,1.8,0.554,0.506,0.7,1.4,0.5,0.2,0.7,0.9,1.2,0.4,0,0.4,0.5,3.3
"131","Danilo Gallinari","SF",21,"NYK",81,74,33.9,4.8,11.4,0.423,2.3,6,0.381,2.5,5.4,0.469,0.523,3.1,3.8,0.818,0.8,4.1,4.9,1.7,0.9,0.7,1.4,2.4,15.1
"132","Francisco Garcia","SG",28,"SAC",25,4,23,3.3,7,0.466,0.9,2.4,0.39,2.4,4.7,0.504,0.531,0.6,0.7,0.882,0.4,2.2,2.6,1.8,0.4,0.8,0.8,2,8.1
"133","Kevin Garnett","PF",33,"BOS",69,69,29.9,5.8,11.2,0.521,0,0.1,0.2,5.8,11.1,0.523,0.521,2.7,3.2,0.837,1.1,6.2,7.3,2.7,1,0.8,1.5,2.5,14.3
"134","Marc Gasol","C",25,"MEM",69,69,35.8,5.5,9.4,0.581,0,0,0,5.5,9.4,0.582,0.581,3.7,5.4,0.67,3,6.3,9.3,2.4,1,1.6,2,3.7,14.6
"135","Pau Gasol","C",29,"LAL",65,65,37,7,13,0.536,0,0.1,0,7,12.9,0.539,0.536,4.4,5.6,0.79,3.7,7.6,11.3,3.4,0.6,1.7,2.2,2.3,18.3
"136","Rudy Gay","SF",23,"MEM",80,80,39.7,7.5,16.1,0.466,0.8,2.5,0.327,6.7,13.6,0.492,0.491,3.8,5,0.753,1.4,4.5,5.9,1.9,1.5,0.8,2.1,2.5,19.6
"137","Alonzo Gee","SG",22,"WAS",11,2,16.5,2.5,5.4,0.475,0.6,0.8,0.778,1.9,4.5,0.42,0.534,1.6,2.6,0.621,1.4,1.6,3,0.6,0.6,0.1,0.9,1.2,7.4
"138","Devean George","SF",32,"GSW",45,4,16.9,2,4.6,0.432,1.1,2.7,0.39,0.9,1.8,0.494,0.549,0.4,0.5,0.696,0.5,2.1,2.5,0.7,0.9,0.2,0.3,2,5.4
"139","Daniel Gibson","PG",23,"CLE",56,10,19.1,2.2,4.8,0.466,1.3,2.7,0.477,1,2.1,0.454,0.599,0.6,0.9,0.694,0.2,1.1,1.3,1.3,0.4,0.1,0.6,1.4,6.3
"140","Taj Gibson","PF",24,"CHI",82,70,26.9,3.8,7.7,0.494,0,0,0.0,3.8,7.7,0.494,0.494,1.4,2.1,0.646,2.8,4.7,7.5,0.9,0.6,1.3,1.4,3.4,9
"141","Trey Gilder","SF",25,"MEM",2,0,2.5,0.5,0.5,1,0,0,0.0,0.5,0.5,1,1,0,0,0.0,0,0.5,0.5,0,0.5,0,0,0,1
"142","Manu Ginobili","SG",32,"SAS",75,21,28.7,5.3,12,0.441,1.8,4.7,0.377,3.5,7.4,0.481,0.514,4.1,4.7,0.87,0.9,2.9,3.8,4.9,1.4,0.3,2.1,2.1,16.5
"143","Ryan Gomes","SF",27,"MIN",76,64,29.1,4.3,9.6,0.447,1,2.6,0.372,3.3,7,0.475,0.497,1.4,1.7,0.825,1,3.6,4.6,1.6,0.8,0.2,1.3,2,10.9
"144","Ben Gordon","SG",26,"DET",62,17,27.9,4.7,11.3,0.416,1.2,3.8,0.321,3.5,7.5,0.465,0.47,3.2,3.7,0.861,0.4,1.5,1.9,2.7,0.8,0.1,1.9,2.4,13.8
"145","Eric Gordon","SG",21,"LAC",62,60,36,5.7,12.6,0.449,1.9,5.2,0.371,3.8,7.5,0.503,0.525,3.6,4.8,0.742,0.4,2.2,2.6,3,1.1,0.2,2.3,1.5,16.9
"146","Marcin Gortat","C",25,"ORL",81,0,13.4,1.5,2.8,0.533,0,0,0,1.5,2.8,0.54,0.533,0.6,0.9,0.68,1.3,2.9,4.2,0.2,0.2,0.9,0.6,1.7,3.6
"147","Joey Graham","SF",27,"DEN",63,18,12,1.7,3.2,0.52,0,0.2,0.154,1.6,3,0.545,0.525,0.9,1.2,0.74,0.6,1.3,2,0.3,0.4,0.1,0.7,1.7,4.2
"148","Stephen Graham","SG",27,"CHA",70,8,11.5,1.7,3.4,0.496,0.2,0.7,0.32,1.5,2.7,0.542,0.529,0.6,0.9,0.646,0.3,1.6,1.9,0.3,0.3,0.1,0.5,1.3,4.2
"149","Danny Granger","SF",26,"IND",62,62,36.7,7.9,18.4,0.428,2.5,7.1,0.361,5.3,11.3,0.471,0.498,5.9,6.9,0.848,1.1,4.4,5.5,2.8,1.5,0.8,2.5,3,24.1
"150","Danny Green","SG",22,"CLE",20,0,5.8,0.8,2,0.385,0.3,1.1,0.273,0.5,0.9,0.529,0.462,0.2,0.3,0.667,0.4,0.5,0.9,0.3,0.3,0.2,0.3,0.5,2
"151","Jeff Green","PF",23,"OKC",82,82,37.1,5.9,13,0.453,1.3,3.8,0.333,4.6,9.2,0.503,0.502,2,2.7,0.74,1.4,4.6,6,1.6,1.3,0.9,1.6,2.7,15.1
"152","Willie Green","SG",28,"PHI",73,18,21.3,3.4,7.4,0.457,0.6,1.9,0.346,2.8,5.6,0.494,0.5,1.3,1.6,0.833,0.3,1.5,1.8,2.1,0.4,0.2,0.9,1.8,8.7
"153","Donte Greene","SF",21,"SAC",76,50,21.4,3.2,7.3,0.441,0.9,2.4,0.377,2.3,4.9,0.473,0.504,1.2,1.8,0.643,0.7,2.4,3.1,0.9,0.5,0.7,1.2,2,8.5
"154","Taylor Griffin","SF",23,"PHO",8,0,4,0.5,1.3,0.4,0,0.3,0,0.5,1,0.5,0.4,0.3,0.5,0.5,0,0.3,0.3,0.1,0,0.3,0.1,0.5,1.3
"155","Hamed Haddadi","C",24,"MEM",36,0,6.7,0.7,1.7,0.387,0,0.1,0,0.7,1.6,0.407,0.387,0.4,0.5,0.737,0.7,1.4,2.1,0.3,0,0.4,0.6,1.6,1.7
"156","Malik Hairston","SG",22,"SAS",47,0,6.7,0.9,1.6,0.526,0,0.2,0.182,0.8,1.4,0.585,0.539,0.4,0.6,0.567,0.3,0.8,1,0.3,0.1,0.2,0.2,0.6,2.1
"157","Marcus Haislip","SF",29,"SAS",10,0,4.4,1,2.1,0.476,0.3,0.5,0.6,0.7,1.6,0.438,0.548,0.2,0.5,0.4,0.4,0.6,1,0,0,0.2,0.3,0.5,2.5
"158","Richard Hamilton","SG",31,"DET",46,46,33.7,6.4,15.6,0.409,0.9,3,0.297,5.5,12.6,0.435,0.437,4.4,5.2,0.846,0.7,2,2.7,4.4,0.7,0.1,2.5,2.5,18.1
"159","Tyler Hansbrough","PF",24,"IND",29,1,17.6,2.8,7.8,0.36,0,0.1,0,2.8,7.6,0.367,0.36,2.9,3.9,0.743,2.1,2.7,4.8,1,0.6,0.3,0.7,2.4,8.5
"160","James Harden","SG",20,"OKC",76,0,22.9,3.1,7.6,0.403,1.2,3.3,0.375,1.8,4.3,0.424,0.484,2.6,3.2,0.808,0.6,2.6,3.2,1.8,1.1,0.3,1.4,2.6,9.9
"161","Al Harrington","PF",29,"NYK",72,15,30.5,6.2,14.3,0.435,1.9,5.7,0.342,4.3,8.6,0.496,0.503,3.3,4.4,0.757,1.2,4.4,5.6,1.5,0.9,0.4,1.8,2.9,17.7
"162","Devin Harris","PG",26,"NJN",64,61,34.7,5.6,13.8,0.403,0.9,3.4,0.276,4.6,10.4,0.444,0.437,4.8,6,0.798,0.4,2.8,3.2,6.6,1.2,0.3,2.8,2.8,16.9
"163","Udonis Haslem","PF",29,"MIA",78,0,27.9,4,8.1,0.494,0,0,0.0,4,8.1,0.494,0.494,1.9,2.5,0.762,2.1,5.9,8.1,0.7,0.4,0.3,1,2.2,9.9
"164","Trenton Hassell","SF",30,"NJN",52,31,21.3,1.7,4.2,0.411,0,0.1,0,1.7,4.1,0.421,0.411,1,1.3,0.754,1.1,1.8,2.9,1,0.3,0.2,0.9,1.8,4.5
"165","Spencer Hawes","C",21,"SAC",72,59,26.4,4.3,9.3,0.468,0.4,1.2,0.299,4,8,0.494,0.488,1,1.5,0.689,2,4,6.1,2.2,0.4,1.2,1.8,2.8,10
"166","Chuck Hayes","C",26,"HOU",82,82,21.6,2,4,0.489,0,0,0.0,2,4,0.489,0.489,0.4,0.8,0.545,1.8,3.8,5.7,1.7,0.9,0.5,0.9,2.7,4.4
"167","Jarvis Hayes","SF",28,"NJN",45,19,23,3.1,7.3,0.421,1.3,4,0.335,1.7,3.3,0.523,0.512,0.3,0.4,0.778,0.2,2.2,2.4,0.9,0.6,0.2,0.6,2,7.8
"168","Luther Head","SG",27,"IND",47,10,17.3,2.9,6.6,0.437,0.8,2.2,0.352,2.1,4.4,0.481,0.497,1,1.2,0.828,0.1,1.6,1.7,1.5,0.4,0.2,1.1,1.1,7.6
"169","Gerald Henderson","SG",22,"CHA",43,0,8.3,0.9,2.4,0.356,0.1,0.4,0.211,0.8,2,0.388,0.375,0.8,1.1,0.745,0.3,0.9,1.3,0.3,0.2,0.2,0.3,0.6,2.6
"170","Roy Hibbert","C",23,"IND",81,69,25.1,4.8,9.7,0.495,0,0.1,0.5,4.7,9.6,0.495,0.497,2.1,2.8,0.754,2.2,3.5,5.7,2,0.4,1.6,1.8,3.5,11.7
"171","J.J. Hickson","PF",21,"CLE",81,73,20.9,3.6,6.4,0.554,0,0,0,3.6,6.4,0.555,0.554,1.4,2,0.681,1.4,3.6,4.9,0.5,0.4,0.5,1.1,1.6,8.5
"172","Nene Hilario","C",27,"DEN",82,82,33.6,5.1,8.7,0.587,0,0,0,5.1,8.7,0.589,0.587,3.6,5.1,0.704,2,5.6,7.6,2.5,1.4,1,1.5,3.4,13.8
"173","George Hill","PG",23,"SAS",78,43,29.2,4.5,9.5,0.478,1,2.4,0.399,3.6,7.1,0.505,0.529,2.3,3,0.772,0.5,2.1,2.6,2.9,0.9,0.3,1.3,2.8,12.4
"174","Grant Hill","SF",37,"PHO",81,81,30,4.1,8.7,0.478,0.4,1,0.438,3.7,7.7,0.483,0.503,2.5,3.1,0.817,0.9,4.6,5.5,2.4,0.7,0.4,1.3,2,11.3
"175","Kirk Hinrich","SG",29,"CHI",74,53,33.5,4.2,10.2,0.409,1.4,3.8,0.371,2.8,6.4,0.431,0.478,1.1,1.5,0.752,0.3,3.2,3.5,4.5,1.1,0.3,1.5,2.8,10.9
"176","Jrue Holiday","PG",19,"PHI",73,51,24.2,3.2,7.1,0.442,0.8,2.2,0.39,2.3,4.9,0.465,0.502,0.9,1.2,0.756,0.8,1.8,2.6,3.8,1.1,0.2,2.1,2.1,8
"177","Ryan Hollins","C",25,"MIN",73,27,16.8,2.3,4.2,0.558,0,0,0,2.3,4.1,0.56,0.558,1.5,2.2,0.69,1.1,1.8,2.8,0.7,0.3,0.5,1.3,2.7,6.1
"178","Al Horford","C",23,"ATL",81,81,35.1,5.8,10.5,0.551,0,0,1,5.8,10.4,0.551,0.552,2.6,3.3,0.789,2.9,7,9.9,2.3,0.7,1.1,1.5,2.8,14.2
"179","Dwight Howard","C",24,"ORL",82,82,34.7,6.2,10.2,0.612,0,0.1,0,6.2,10.1,0.617,0.612,5.9,10,0.592,3.5,9.7,13.2,1.8,0.9,2.8,3.3,3.5,18.3
"180","Juwan Howard","C",36,"POR",73,27,22.4,2.6,5.1,0.509,0,0,0,2.6,5.1,0.511,0.509,0.8,1,0.786,1.5,3.1,4.6,0.8,0.4,0.1,1,2.6,6
"181","Chris Hunter","C",25,"GSW",60,9,13.1,1.8,3.6,0.502,0,0.1,0,1.8,3.6,0.512,0.502,0.9,1.2,0.754,0.9,1.9,2.8,0.6,0.2,0.6,0.5,2.2,4.5
"182","Lindsey Hunter","PG",39,"CHI",13,0,9.4,0.4,2.3,0.167,0.1,1,0.077,0.3,1.3,0.235,0.183,0.2,0.2,1,0.1,1,1.1,0.7,0.1,0,0.3,0.9,1
"183","Othello Hunter","SF",23,"ATL",7,0,4.7,0.6,1.7,0.333,0,0,0.0,0.6,1.7,0.333,0.333,0.4,0.6,0.75,0.9,0.9,1.7,0,0,0.1,0.4,0.7,1.6
"184","Steven Hunter","C",28,"MEM",21,0,7.5,0.8,2,0.395,0,0,0.0,0.8,2,0.395,0.395,0.9,1.7,0.528,0.9,1.1,2,0,0,0.5,0.4,0.5,2.5
"185","Serge Ibaka","PF",20,"OKC",73,0,18.1,2.8,5.1,0.543,0,0,0.5,2.7,5,0.543,0.545,0.8,1.3,0.63,1.9,3.5,5.4,0.1,0.3,1.3,0.9,2.7,6.3
"186","Andre Iguodala","SF",26,"PHI",82,82,38.9,6,13.7,0.443,1.1,3.7,0.31,4.9,10,0.492,0.485,3.8,5.2,0.733,1,5.5,6.5,5.8,1.7,0.7,2.7,1.8,17.1
"187","Zydrunas Ilgauskas","C",34,"CLE",64,6,20.9,3,6.8,0.443,0.2,0.4,0.478,2.9,6.5,0.441,0.455,1.2,1.6,0.743,1.8,3.6,5.4,0.8,0.2,0.8,1,2.9,7.4
"188","Didier Ilunga-Mbenga","C",29,"LAL",49,2,7.2,1,2.1,0.466,0,0,0.0,1,2.1,0.466,0.466,0.2,0.4,0.474,0.7,1.1,1.8,0.2,0.1,0.6,0.3,1.1,2.1
"189","Ersan Ilyasova","PF",22,"MIL",81,31,23.4,4,9,0.443,1,3,0.336,3,6,0.496,0.499,1.4,2,0.715,1.9,4.4,6.4,1,0.7,0.3,0.9,3.1,10.4
"190","Jarrett Jack","PG",26,"TOR",82,43,27.4,3.9,8.2,0.481,1,2.4,0.412,2.9,5.8,0.511,0.542,2.5,2.9,0.842,0.4,2.3,2.7,5,0.7,0.1,2,1.8,11.4
"191","LeBron James","SF",25,"CLE",76,76,39,10.1,20.1,0.503,1.7,5.1,0.333,8.4,15,0.56,0.545,7.8,10.2,0.767,0.9,6.4,7.3,8.6,1.6,1,3.4,1.6,29.7
"192","Mike James","PG",34,"WAS",4,0,11.5,1.5,5,0.3,0.5,1.5,0.333,1,3.5,0.286,0.35,1,2,0.5,0.3,0.5,0.8,1.3,0.8,0,1.3,0.8,4.5
"193","Nathan Jawai","C",23,"MIN",39,2,10.6,1.3,2.8,0.441,0,0,0,1.3,2.8,0.445,0.441,0.7,1,0.684,1.3,1.4,2.7,0.6,0.3,0.2,0.7,1.5,3.2
"194","Othyus Jeffers","SG",24,"UTA",14,0,5.2,0.9,2.1,0.414,0,0,0.0,0.9,2.1,0.414,0.414,0.9,1.4,0.684,0.6,0.8,1.4,0.1,0.3,0,0.4,0.7,2.6
"195","Al Jefferson","C",25,"MIN",76,76,32.4,7.4,14.8,0.498,0,0.1,0,7.4,14.8,0.5,0.498,2.4,3.5,0.68,2.4,6.9,9.3,1.8,0.8,1.3,1.8,2.7,17.1
"196","Richard Jefferson","SF",29,"SAS",81,70,31.1,4.5,9.6,0.467,0.7,2.3,0.316,3.7,7.3,0.515,0.505,2.6,3.5,0.735,0.7,3.7,4.4,2,0.6,0.5,1.3,2.2,12.3
"197","Brandon Jennings","PG",20,"MIL",82,82,32.6,5.5,14.8,0.371,1.8,4.7,0.374,3.7,10.1,0.37,0.431,2.7,3.3,0.817,0.6,2.8,3.4,5.7,1.3,0.2,2.4,2.3,15.5
"198","Jonas Jerebko","PF",22,"DET",80,73,27.9,3.6,7.5,0.481,0.5,1.4,0.313,3.2,6.1,0.52,0.511,1.6,2.2,0.71,2.4,3.6,6,0.7,1,0.4,1,2.9,9.3
"199","Yi Jianlian","PF",22,"NJN",52,51,31.8,4.4,10.8,0.403,0.3,0.8,0.366,4.1,10,0.406,0.417,3,3.7,0.798,2.2,4.9,7.2,0.9,0.7,1,1.5,3.3,12
"200","Amir Johnson","PF",22,"TOR",82,5,17.7,2.5,4.1,0.623,0,0,0,2.5,4,0.63,0.623,1.2,1.8,0.638,1.9,2.9,4.8,0.6,0.5,0.8,0.8,3.1,6.2
"201","Anthony Johnson","PG",35,"ORL",31,0,13.1,1.6,3.6,0.441,0.4,1.3,0.333,1.2,2.3,0.5,0.5,0.6,0.6,0.95,0.3,1.3,1.5,2,0.4,0,0.8,1,4.2
"202","James Johnson","PF",22,"CHI",65,11,11.6,1.5,3.2,0.452,0.2,0.7,0.326,1.2,2.5,0.488,0.488,0.8,1.1,0.729,0.5,1.4,2,0.7,0.3,0.7,1,1.9,3.9
"203","Joe Johnson","SG",28,"ATL",76,76,38,8.4,18.2,0.458,1.7,4.6,0.369,6.7,13.6,0.488,0.505,2.9,3.5,0.818,1,3.7,4.6,4.9,1.1,0.1,1.9,1.9,21.3
"204","Dahntay Jones","SF",29,"IND",76,26,24.9,3.8,8.2,0.461,0.1,0.4,0.125,3.7,7.8,0.479,0.464,2.6,3.4,0.77,0.6,2.4,3,2,0.5,0.5,1.7,3.1,10.2
"205","Dwayne Jones","PF",26,"PHO",2,0,3.5,0,0,0.0,0,0,0.0,0,0,0.0,0.0,0,0,0.0,0,1,1,0,0,0,0,0.5,0
"206","James Jones","SF",29,"MIA",36,6,14,1.2,3.3,0.361,1,2.5,0.411,0.2,0.8,0.207,0.517,0.6,0.8,0.821,0.1,1.1,1.3,0.5,0.3,0.1,0.3,1.3,4.1
"207","Solomon Jones","C",25,"IND",52,2,13,1.5,3.4,0.443,0,0.1,0,1.5,3.3,0.451,0.443,1,1.4,0.718,1,1.8,2.8,0.6,0.3,0.7,0.8,2.4,4
"208","DeAndre Jordan","C",21,"LAC",70,12,16.2,2.1,3.4,0.605,0,0,0,2.1,3.4,0.61,0.605,0.7,1.8,0.375,1.7,3.3,5,0.3,0.2,0.9,1.1,2.2,4.8
"209","Chris Kaman","C",27,"LAC",76,76,34.3,7.8,15.8,0.49,0,0.1,0,7.8,15.7,0.492,0.49,3,4,0.749,2.4,6.8,9.3,1.6,0.5,1.2,2.9,2.8,18.5
"210","Jason Kapono","SF",28,"PHI",57,12,17.1,2.2,5.3,0.419,1.1,3,0.368,1.1,2.3,0.485,0.523,0.2,0.3,0.6,0.2,0.9,1.2,0.7,0.4,0.1,0.6,1.4,5.7
"211","Jason Kidd","PG",36,"DAL",80,80,36,3.6,8.4,0.423,2.2,5.2,0.425,1.4,3.2,0.42,0.554,1,1.2,0.808,0.6,5,5.6,9.1,1.8,0.4,2.4,1.8,10.3
"212","Andrei Kirilenko","SF",28,"UTA",58,35,29,4.2,8.3,0.506,0.4,1.5,0.292,3.8,6.8,0.555,0.533,3,4,0.744,1.3,3.2,4.6,2.7,1.4,1.2,1.4,1.8,11.9
"213","Kyle Korver","SG",28,"UTA",52,0,18.3,2.7,5.4,0.493,1.1,2.1,0.536,1.5,3.3,0.465,0.598,0.8,0.9,0.796,0.2,1.9,2.1,1.7,0.5,0.2,0.8,1.5,7.2
"214","Kosta Koufos","C",20,"UTA",36,0,4.8,0.6,1.3,0.468,0,0,0.0,0.6,1.3,0.468,0.468,0.3,0.4,0.6,0.4,0.8,1.3,0.2,0.1,0.1,0.4,0.7,1.5
"215","Nenad Krstic","C",26,"OKC",76,76,22.9,3.7,7.4,0.502,0,0.1,0.2,3.7,7.3,0.505,0.503,1,1.4,0.717,1.8,3.3,5,0.7,0.4,0.6,0.8,2.3,8.4
"216","Oliver Lafayette","SG",25,"BOS",1,0,22,3,6,0.5,1,2,0.5,2,4,0.5,0.583,0,0,0.0,1,3,4,2,0,0,1,0,7
"217","Ty Lawson","PG",22,"DEN",65,8,20.3,3.1,6,0.515,0.5,1.3,0.41,2.6,4.7,0.544,0.559,1.6,2.2,0.757,0.6,1.3,1.9,3.1,0.7,0,1.3,1.4,8.3
"218","Courtney Lee","SG",24,"NJN",71,66,33.5,4.8,10.9,0.436,1.1,3.2,0.338,3.7,7.7,0.476,0.485,1.9,2.2,0.869,0.8,2.7,3.5,1.7,1.3,0.3,1.1,1.8,12.5
"219","David Lee","C",26,"NYK",81,81,37.3,8.5,15.5,0.545,0,0.1,0,8.5,15.4,0.549,0.545,3.3,4.1,0.812,2.8,8.9,11.7,3.6,1,0.5,2.3,3.2,20.2
"220","Rashard Lewis","PF",30,"ORL",72,72,32.9,4.9,11.2,0.435,2.3,5.9,0.397,2.5,5.3,0.476,0.539,2,2.5,0.806,0.9,3.6,4.4,1.5,1.1,0.4,1.5,2.5,14.1
"221","Brook Lopez","C",21,"NJN",82,82,36.9,6.9,13.8,0.499,0,0,0,6.9,13.7,0.5,0.499,5.1,6.2,0.817,3.3,5.4,8.6,2.3,0.7,1.7,2.5,3.1,18.8
"222","Robin Lopez","C",21,"PHO",51,31,19.3,3.4,5.7,0.588,0,0,0.0,3.4,5.7,0.588,0.588,1.7,2.5,0.704,2,2.8,4.9,0.1,0.2,1,0.8,2.3,8.4
"223","Kevin Love","PF",21,"MIN",60,22,28.6,4.9,10.8,0.45,0.6,1.8,0.33,4.3,9,0.474,0.478,3.8,4.6,0.815,3.8,7.2,11,2.3,0.7,0.4,2,2.3,14
"224","Kyle Lowry","PG",23,"HOU",68,0,24.3,2.7,6.8,0.397,0.5,2,0.272,2.2,4.8,0.448,0.436,3.2,3.8,0.827,1.3,2.3,3.6,4.5,0.9,0.1,1.7,2.5,9.1
"225","Corey Maggette","PF",30,"GSW",70,49,29.7,6.5,12.7,0.516,0.2,0.7,0.26,6.3,11.9,0.531,0.523,6.6,7.9,0.835,1.3,4,5.3,2.5,0.7,0.1,2.4,3.3,19.8
"226","Jamaal Magloire","C",31,"MIA",36,0,10,0.8,1.6,0.5,0,0,0.0,0.8,1.6,0.5,0.5,0.6,1.6,0.356,1.1,2.2,3.4,0,0.3,0.3,0.5,1.6,2.1
"227","Ian Mahinmi","C",23,"SAS",26,0,6.3,1.3,2.1,0.636,0,0,0.0,1.3,2.1,0.636,0.636,1.2,1.8,0.66,0.5,1.5,2,0.1,0.1,0.3,0.6,1.2,3.9
"228","Shawn Marion","SF",31,"DAL",75,75,31.8,5.3,10.4,0.508,0,0.3,0.158,5.2,10.1,0.516,0.51,1.4,1.9,0.755,2.1,4.3,6.4,1.4,0.9,0.8,1.3,1.9,12
"229","Sean Marks","C",34,"NOH",14,0,5.4,0.3,0.6,0.5,0,0,0.0,0.3,0.6,0.5,0.5,0.1,0.4,0.4,1,0.6,1.6,0.1,0,0.2,0.1,1.2,0.7
"230","Kenyon Martin","PF",32,"DEN",58,58,34.2,4.9,10.7,0.456,0.1,0.5,0.276,4.7,10.2,0.465,0.463,1.6,2.9,0.557,2.4,7,9.4,1.9,1.2,1.1,1.6,3.2,11.5
"231","Desmond Mason","SF",32,"SAC",5,4,13.2,1,2.4,0.417,0,0,0.0,1,2.4,0.417,0.417,0.6,0.8,0.75,0.8,1.8,2.6,0.4,0.2,0.2,0.8,1,2.6
"232","Roger Mason","SG",29,"SAS",79,5,19.2,2.4,6.3,0.389,1.1,3.3,0.333,1.3,2.9,0.453,0.478,0.3,0.4,0.794,0.1,1.9,2.1,1.7,0.4,0.2,0.7,1.3,6.3
"233","Wesley Matthews","SG",23,"UTA",82,48,24.7,3.3,6.9,0.483,0.8,2,0.382,2.6,4.9,0.525,0.539,2,2.4,0.829,0.6,1.7,2.3,1.5,0.8,0.2,1.1,1.9,9.4
"234","Jason Maxiell","C",26,"DET",76,29,20.4,2.8,5.5,0.511,0,0,0,2.8,5.4,0.512,0.511,1.2,2,0.574,2.1,3.2,5.3,0.5,0.5,0.5,0.9,2.3,6.8
"235","Sean May","C",25,"SAC",37,4,8.9,1.4,3,0.459,0,0.1,0,1.4,2.9,0.477,0.459,0.6,0.9,0.656,0.5,1.4,1.9,0.5,0.3,0.2,0.5,1.2,3.3
"236","O.J. Mayo","SG",22,"MEM",82,82,38,6.6,14.4,0.458,1.7,4.3,0.383,5,10.1,0.49,0.516,2.6,3.2,0.809,0.7,3,3.8,3,1.2,0.2,2.1,2.1,17.5
"237","Luc Mbah a Moute","PF",23,"MIL",73,62,25.6,2.4,5.1,0.48,0.1,0.2,0.353,2.3,4.8,0.486,0.488,1.3,1.8,0.699,2.3,3.1,5.5,1.1,0.8,0.5,1,2.5,6.2
"238","Antonio McDyess","PF",35,"SAS",77,50,21,2.7,5.6,0.479,0,0,0,2.7,5.5,0.481,0.479,0.5,0.7,0.632,1.9,4,5.9,1.1,0.6,0.4,1,1.9,5.8
"239","JaVale McGee","C",22,"WAS",60,19,16.1,2.6,5.1,0.508,0,0,0,2.6,5.1,0.51,0.508,1.2,1.9,0.638,1.5,2.6,4.1,0.2,0.3,1.7,0.9,2,6.4
"240","Josh McRoberts","C",22,"IND",42,3,12.5,1.8,3.5,0.521,0.2,0.5,0.348,1.6,2.9,0.553,0.548,0.5,0.9,0.5,1,2.1,3,1,0.4,0.4,0.5,1.8,4.3
"241","C.J. Miles","SF",22,"UTA",63,28,23.8,3.8,8.9,0.429,1.2,3.4,0.341,2.7,5.5,0.484,0.495,1,1.5,0.695,0.7,2,2.7,1.7,0.9,0.3,1.3,3,9.9
"242","Andre Miller","PG",33,"POR",82,66,30.5,4.9,11.1,0.445,0.2,1,0.2,4.7,10.1,0.469,0.454,3.9,4.8,0.821,1,2.3,3.2,5.4,1.1,0.1,2.1,2.1,14
"243","Brad Miller","C",33,"CHI",82,37,23.8,3,7.1,0.43,0.5,1.6,0.28,2.6,5.5,0.474,0.462,2.2,2.7,0.827,1,3.9,4.9,1.9,0.5,0.4,1.3,2.3,8.8
"244","Mike Miller","SG",29,"WAS",54,50,33.4,4,8,0.501,1.5,3.2,0.48,2.5,4.9,0.515,0.596,1.3,1.6,0.824,1,5.2,6.2,3.9,0.7,0.2,2.1,2.4,10.9
"245","Patrick Mills","PG",21,"POR",10,0,3.8,1,2.4,0.417,0.2,0.4,0.5,0.8,2,0.4,0.458,0.4,0.7,0.571,0.1,0.1,0.2,0.5,0,0,0.4,0.6,2.6
"246","Paul Millsap","PF",24,"UTA",82,8,27.8,4.7,8.7,0.538,0,0.1,0.111,4.7,8.6,0.543,0.538,2.2,3.2,0.693,2.3,4.5,6.8,1.6,0.8,1.2,1.4,3.5,11.6
"247","Nazr Mohammed","C",32,"CHA",58,29,17,3.3,5.9,0.553,0,0,0.0,3.3,5.9,0.553,0.553,1.4,2.2,0.648,2,3.3,5.2,0.5,0.3,0.7,0.9,1.8,7.9
"248","Jamario Moon","SF",29,"CLE",61,2,17.2,1.9,4,0.462,0.5,1.6,0.32,1.3,2.4,0.558,0.526,0.6,0.7,0.8,0.4,2.7,3.1,0.8,0.6,0.5,0.4,1.1,4.9
"249","Mikki Moore","C",34,"GSW",23,20,17.7,2.3,3.9,0.6,0,0,0.0,2.3,3.9,0.6,0.6,0.3,0.5,0.636,1.1,1.9,3,1.6,0.2,0.6,0.9,2.6,5
"250","Randolph Morris","PF",24,"ATL",28,0,4.4,0.8,1.5,0.561,0,0,0.0,0.8,1.5,0.561,0.561,0.6,1,0.593,0.4,1,1.4,0.1,0.2,0.1,0.4,1.2,2.2
"251","Adam Morrison","SF",25,"LAL",31,0,7.8,1,2.7,0.376,0.2,0.7,0.238,0.9,2.1,0.422,0.406,0.2,0.3,0.625,0.3,0.7,1,0.6,0.1,0.1,0.3,0.5,2.4
"252","Anthony Morrow","SG",24,"GSW",69,37,29.2,4.8,10.2,0.468,2,4.4,0.456,2.7,5.7,0.477,0.568,1.5,1.7,0.886,0.9,2.9,3.8,1.5,0.9,0.2,1.2,2.3,13
"253","Byron Mullens","PF",20,"OKC",13,0,4.2,0.5,1.5,0.368,0,0,0.0,0.5,1.5,0.368,0.368,0,0,0.0,0.2,0.5,0.8,0.1,0.2,0,0.3,1,1.1
"254","Troy Murphy","PF",29,"IND",72,69,32.6,5.3,11.3,0.472,1.8,4.6,0.384,3.6,6.7,0.533,0.551,2.1,2.7,0.798,1.8,8.4,10.2,2.1,1,0.5,1.4,2.4,14.6
"255","Steve Nash","PG",35,"PHO",81,81,32.8,6.2,12.2,0.507,1.5,3.6,0.426,4.6,8.6,0.54,0.57,2.6,2.8,0.938,0.4,2.9,3.3,11,0.5,0.1,3.6,1.3,16.5
"256","Jameer Nelson","PG",27,"ORL",65,64,28.6,4.9,10.9,0.449,1.3,3.5,0.381,3.6,7.4,0.481,0.51,1.5,1.8,0.845,0.4,2.6,3,5.4,0.7,0,2.1,2.3,12.6
"257","Rasho Nesterovic","C",33,"TOR",42,8,9.8,1.9,3.5,0.544,0,0,0.0,1.9,3.5,0.544,0.544,0,0.1,0.2,0.9,1.2,2.1,0.6,0.2,0.4,0.4,1.3,3.9
"258","Joakim Noah","C",24,"CHI",64,54,30.1,4.1,8.1,0.504,0,0,0.0,4.1,8.1,0.504,0.504,2.5,3.4,0.744,3.4,7.6,11,2.1,0.5,1.6,1.8,3.1,10.7
"259","Andres Nocioni","SF",30,"SAC",75,28,19.7,3.1,7.8,0.399,1.3,3.3,0.386,1.8,4.5,0.408,0.48,0.9,1.3,0.717,0.4,2.5,3,1,0.4,0.3,0.9,2.1,8.5
"260","Steve Novak","SF",26,"LAC",54,0,6.7,0.8,2,0.389,0.4,1.3,0.31,0.4,0.7,0.541,0.491,0.1,0.2,0.778,0,0.6,0.6,0.1,0.1,0,0,0.4,2.1
"261","Dirk Nowitzki","PF",31,"DAL",81,80,37.5,8.9,18.5,0.481,0.6,1.5,0.421,8.3,17,0.487,0.498,6.6,7.2,0.915,1,6.7,7.7,2.7,0.9,1,1.8,2.6,25
"262","Patrick O'Bryant","C",23,"TOR",11,0,4.6,0.7,1.4,0.533,0,0.1,0,0.7,1.3,0.571,0.533,0.3,0.5,0.5,0.2,0.8,1,0.1,0.2,0.4,0.5,1.1,1.7
"263","Jermaine O'Neal","C",31,"MIA",70,70,28.4,5.6,10.6,0.529,0,0,0,5.6,10.6,0.53,0.529,2.3,3.2,0.72,1.8,5.2,6.9,1.3,0.4,1.4,1.8,3,13.6
"264","Shaquille O'Neal*","C",37,"CLE",53,53,23.4,4.9,8.7,0.566,0,0,0,4.9,8.7,0.567,0.566,2.1,4.3,0.496,1.8,4.9,6.7,1.5,0.3,1.2,2,3.2,12
"265","Fabricio Oberto","C",34,"WAS",57,20,11.4,0.6,1,0.625,0,0,0.0,0.6,1,0.625,0.625,0.2,0.3,0.765,0.6,1.2,1.8,0.9,0.2,0.2,0.6,2.1,1.5
"266","Greg Oden","C",22,"POR",21,21,23.9,4.4,7.2,0.605,0,0,0.0,4.4,7.2,0.605,0.605,2.3,3,0.766,3,5.4,8.5,0.9,0.4,2.3,1.9,4,11.1
"267","Lamar Odom","PF",30,"LAL",82,38,31.5,4.2,9,0.463,0.7,2.2,0.319,3.5,6.8,0.51,0.502,1.7,2.5,0.693,2.2,7.5,9.8,3.3,0.9,0.7,1.8,2.8,10.8
"268","Emeka Okafor","C",27,"NOH",82,82,28.9,4.2,8,0.53,0,0,0.0,4.2,8,0.53,0.53,1.9,3.3,0.562,3.1,6,9,0.7,0.7,1.5,1.4,2.7,10.4
"269","Mehmet Okur","C",30,"UTA",73,73,29.4,4.9,10.6,0.458,1.1,2.9,0.385,3.7,7.7,0.486,0.511,2.7,3.3,0.82,1.8,5.2,7.1,1.6,0.5,1.1,1.7,3.1,13.5
"270","Kevin Ollie","PG",37,"OKC",25,0,10.5,0.7,1.8,0.4,0,0,0,0.7,1.8,0.409,0.4,0.3,0.3,1,0.1,0.9,1,0.8,0.4,0,0.2,0.6,1.8
"271","Zaza Pachulia","C",25,"ATL",78,1,14,1.5,3.2,0.488,0,0.1,0,1.5,3.1,0.496,0.488,1.2,1.8,0.65,1.5,2.3,3.8,0.5,0.5,0.4,0.7,2.4,4.3
"272","Jannero Pargo","PG",30,"CHI",63,5,13.2,2.1,6,0.346,0.6,2.2,0.275,1.5,3.9,0.387,0.396,0.7,0.7,0.933,0.1,1.1,1.2,1.4,0.5,0,0.8,1.1,5.5
"273","Anthony Parker","SG",34,"CLE",81,81,28.3,2.5,5.9,0.434,1.3,3.2,0.414,1.2,2.6,0.458,0.547,0.9,1.2,0.789,0.4,2.5,2.9,1.9,0.8,0.2,0.9,1.9,7.3
"274","Tony Parker","PG",27,"SAS",56,50,30.9,6.2,12.8,0.487,0.2,0.6,0.294,6.1,12.2,0.497,0.494,3.3,4.4,0.756,0.1,2.3,2.4,5.7,0.5,0.1,2.7,1.7,16
"275","Chris Paul","PG",24,"NOH",45,45,38,7,14.2,0.493,1.2,2.8,0.409,5.8,11.3,0.514,0.534,3.6,4.2,0.847,0.4,3.8,4.2,10.7,2.1,0.2,2.5,2.6,18.7
"276","Sasha Pavlovic","SF",26,"MIN",71,0,12.4,1.5,4.2,0.363,0.5,1.7,0.297,1,2.6,0.407,0.422,0.1,0.4,0.385,0.2,1.5,1.6,0.8,0.3,0.1,0.7,1.2,3.7
"277","Oleksiy Pecherov","C",24,"MIN",44,5,10.2,1.8,4.3,0.41,0.3,1.2,0.269,1.4,3.1,0.463,0.447,0.7,0.7,0.906,0.7,2.1,2.8,0.3,0.2,0.3,0.7,1.3,4.5
"278","Kendrick Perkins","C",25,"BOS",78,78,27.6,4,6.7,0.602,0,0,0,4,6.7,0.605,0.602,2.1,3.6,0.582,2,5.6,7.6,1,0.3,1.7,2.1,2.8,10.1
"279","Morris Peterson","SG",32,"NOH",46,39,21.2,2.5,6.5,0.385,1.3,3.7,0.363,1.2,2.8,0.415,0.488,0.7,1.2,0.611,0.4,2.4,2.7,0.9,0.5,0.1,0.6,1.8,7.1
"280","Johan Petro","C",24,"DEN",36,16,12.1,1.5,2.8,0.535,0,0,0,1.5,2.8,0.54,0.535,0.4,0.6,0.667,0.9,2.7,3.6,0.4,0.3,0.4,0.6,2.2,3.4
"281","Paul Pierce","SF",32,"BOS",71,71,34,5.8,12.2,0.472,1.5,3.7,0.414,4.2,8.5,0.497,0.535,5.2,6.1,0.852,0.5,3.8,4.4,3.1,1.2,0.4,2.3,2.8,18.3
"282","Mickael Pietrus","SF",27,"ORL",75,24,22.5,3.1,7.2,0.432,1.5,4.1,0.379,1.6,3.1,0.502,0.54,0.9,1.5,0.633,0.5,2.3,2.9,0.7,0.7,0.4,0.9,1.8,8.7
"283","James Posey","SF",33,"NOH",77,2,22.5,1.6,4.5,0.365,1.1,3.1,0.335,0.6,1.3,0.437,0.483,0.9,1,0.825,0.4,3.9,4.3,1.5,0.5,0.2,0.7,2.6,5.2
"284","Leon Powe","SF",26,"CLE",20,2,11.8,1.1,2.5,0.429,0,0,0.0,1.1,2.5,0.429,0.429,1.9,3.2,0.587,1,2.1,3.1,0,0.3,0.1,0.6,1.8,4
"285","Josh Powell","PF",27,"LAL",63,0,9.2,1.1,3.1,0.366,0.1,0.3,0.438,1,2.8,0.36,0.384,0.3,0.5,0.645,0.7,1.1,1.8,0.6,0.1,0.1,0.5,1.1,2.7
"286","A.J. Price","PG",23,"IND",56,2,15.4,2.6,6.3,0.41,1.1,3.1,0.345,1.5,3.2,0.472,0.494,1.1,1.3,0.8,0.2,1.4,1.6,1.9,0.6,0.1,1.1,0.9,7.3
"287","Ronnie Price","PG",26,"UTA",60,4,13.4,1.6,4,0.405,0.3,1.1,0.286,1.3,3,0.447,0.442,0.7,1,0.695,0.5,0.8,1.2,2.1,0.7,0.2,0.9,1.8,4.3
"288","Tayshaun Prince","SF",29,"DET",49,49,34,5.8,11.8,0.486,0.6,1.5,0.37,5.2,10.3,0.503,0.509,1.4,2,0.714,1.4,3.6,5.1,3.3,0.7,0.4,1.2,1.6,13.5
"289","Joel Przybilla","C",30,"POR",30,9,22.7,1.5,2.9,0.523,0,0,0.0,1.5,2.9,0.523,0.523,1.1,1.7,0.647,2.4,5.5,7.9,0.3,0.3,1.4,1.3,3.2,4.1
"290","Chris Quinn","PG",26,"NJN",25,0,8.9,0.8,2.2,0.357,0.4,1.3,0.313,0.4,1,0.417,0.446,0.2,0.2,1,0,0.6,0.6,1.2,0.4,0,0.4,0.6,2.2
"291","Anthony Randolph","C",20,"GSW",33,8,22.7,4.2,9.4,0.443,0,0.2,0.2,4.1,9.2,0.447,0.445,3.3,4.1,0.801,2.2,4.3,6.5,1.3,0.8,1.5,1.5,2.8,11.6
"292","Zach Randolph","PF",28,"MEM",81,81,37.7,8,16.5,0.488,0.2,0.6,0.288,7.9,15.9,0.496,0.494,4.5,5.7,0.778,4.1,7.7,11.7,1.8,1,0.4,2.1,2.8,20.8
"293","Michael Redd","SG",30,"MIL",18,12,27.3,4.2,11.8,0.352,1,3.3,0.3,3.2,8.5,0.373,0.394,2.6,3.7,0.712,0.6,2.4,3,2.2,1.1,0.1,0.8,1.3,11.9
"294","J.J. Redick","SG",25,"ORL",82,9,22,3,6.7,0.439,1.4,3.3,0.405,1.6,3.4,0.473,0.54,2.3,2.7,0.86,0.2,1.7,1.9,1.9,0.3,0,0.8,1.4,9.6
"295","Chris Richard","PF",25,"CHI",18,0,12.4,0.8,1.6,0.517,0,0,0.0,0.8,1.6,0.517,0.517,0.4,0.6,0.636,1.1,2.2,3.3,0.4,0.4,0.2,0.8,2.8,2.1
"296","Jason Richardson","SG",29,"PHO",79,76,31.5,6,12.6,0.474,2,5.1,0.393,4,7.6,0.528,0.553,1.7,2.3,0.739,1,4.1,5.1,1.8,0.8,0.4,1.2,2.1,15.7
"297","Quentin Richardson","SF",29,"MIA",76,75,27.4,3.2,7.4,0.431,1.9,4.7,0.397,1.3,2.7,0.493,0.558,0.7,0.9,0.732,0.8,4.1,4.9,1.2,0.9,0.2,0.8,2.2,8.9
"298","Luke Ridnour","PG",28,"MIL",82,0,21.5,4,8.4,0.478,0.8,2.2,0.381,3.2,6.2,0.513,0.528,1.5,1.7,0.907,0.3,1.5,1.7,4,0.7,0.1,1.3,2.2,10.4
"299","Rajon Rondo","PG",23,"BOS",81,81,36.6,5.7,11.2,0.508,0.2,1,0.213,5.5,10.2,0.536,0.517,2.2,3.5,0.621,1.2,3.2,4.4,9.8,2.3,0.1,3,2.4,13.7
"300","Derrick Rose","PG",21,"CHI",78,78,36.8,8.6,17.6,0.489,0.2,0.8,0.267,8.4,16.8,0.5,0.495,3.3,4.3,0.766,0.8,2.9,3.8,6,0.7,0.3,2.8,1.2,20.8
"301","Brandon Roy","SG",25,"POR",65,65,37.2,7.6,16,0.473,1.1,3.4,0.33,6.4,12.6,0.512,0.508,5.3,6.8,0.78,1.1,3.3,4.4,4.7,0.9,0.2,2,2.1,21.5
"302","Brandon Rush","SG",24,"IND",82,64,30.4,3.6,8.6,0.423,1.5,3.7,0.411,2.1,4.9,0.433,0.511,0.7,1.1,0.629,0.5,3.7,4.2,1.4,0.7,0.8,1.1,1.9,9.4
"303","Kareem Rush","SG",29,"LAC",7,0,8.3,0.6,1.6,0.364,0.1,0.4,0.333,0.4,1.1,0.375,0.409,0,0,0.0,0.1,0.7,0.9,0.6,0.3,0.4,0.4,1.1,1.3
"304","Brian Scalabrine","PF",31,"BOS",52,3,9.1,0.6,1.6,0.341,0.3,0.9,0.327,0.3,0.7,0.361,0.435,0.1,0.1,0.667,0.2,0.8,0.9,0.5,0.2,0.1,0.3,1.1,1.5
"305","Luis Scola","PF",29,"HOU",82,82,32.6,6.8,13.3,0.514,0,0.1,0.2,6.8,13.2,0.515,0.514,2.5,3.3,0.779,2.1,6.5,8.6,2.1,0.8,0.3,2,3,16.2
"306","Thabo Sefolosha","SG",25,"OKC",82,82,28.6,2.4,5.4,0.44,0.5,1.6,0.313,1.9,3.8,0.494,0.486,0.7,1.1,0.674,0.9,3.8,4.7,1.8,1.2,0.6,1.1,1.9,6
"307","Ramon Sessions","PG",23,"MIN",82,1,21.1,3.1,6.8,0.456,0,0.2,0.067,3.1,6.6,0.467,0.457,2,2.8,0.717,0.7,1.9,2.6,3.1,0.7,0.1,1.7,1.7,8.2
"308","Bobby Simmons","PF",29,"NJN",23,2,17.2,1.8,5.1,0.359,0.9,2.7,0.317,1,2.3,0.407,0.444,0.8,0.9,0.9,0.5,2.3,2.7,0.7,0.7,0.1,0.8,2.3,5.3
"309","Brian Skinner","PF",33,"LAC",16,1,7.7,0.6,1.6,0.4,0,0,0.0,0.6,1.6,0.4,0.4,0.4,0.5,0.75,0.6,1.1,1.7,0,0.2,0.3,0.4,1.3,1.6
"310","Craig Smith","PF",26,"LAC",75,2,16.4,3,5.3,0.569,0,0.1,0.2,3,5.2,0.574,0.571,1.8,2.8,0.635,1.3,2.5,3.8,1.1,0.4,0.3,1.2,2.6,7.8
"311","J.R. Smith","SG",24,"DEN",75,0,27.8,5.7,13.8,0.414,2.1,6.2,0.338,3.6,7.5,0.477,0.491,1.9,2.7,0.706,0.4,2.7,3.1,2.4,1.3,0.3,1.9,2.3,15.4
"312","Jason Smith","PF",23,"PHI",56,2,11.8,1.3,3.1,0.431,0.2,0.5,0.345,1.2,2.6,0.448,0.46,0.5,0.8,0.69,1,1.4,2.4,0.6,0.4,0.5,0.6,2,3.4
"313","Joe Smith","PF",34,"ATL",64,1,9.3,1.2,3,0.399,0,0.1,0.143,1.2,2.9,0.409,0.402,0.6,0.8,0.813,1,1.4,2.5,0.3,0.1,0.3,0.3,1.5,3
"314","Josh Smith","PF",24,"ATL",81,81,35.4,6.2,12.3,0.505,0,0.1,0,6.2,12.2,0.508,0.505,3.2,5.2,0.618,2.8,6,8.7,4.2,1.6,2.1,2.4,3,15.7
"315","Darius Songaila","C",31,"NOH",75,1,18.8,3.2,6.5,0.494,0,0.1,0.167,3.2,6.4,0.498,0.495,0.8,1,0.811,0.8,2.3,3.1,0.9,0.8,0.2,1.1,2.7,7.2
"316","Marreese Speights","C",22,"PHI",62,1,16.4,3.4,7.2,0.477,0,0.1,0,3.4,7.1,0.483,0.477,1.7,2.3,0.745,1.4,2.7,4.1,0.6,0.5,0.5,0.8,2.5,8.6
"317","Jerry Stackhouse","SG",35,"MIL",42,0,20.4,3.1,7.5,0.408,1.1,3.1,0.346,2,4.4,0.452,0.479,1.3,1.6,0.797,0.5,1.9,2.4,1.7,0.5,0.2,1.6,1.3,8.5
"318","Peja Stojakovic","SF",32,"NOH",62,55,31.4,4.5,11.1,0.404,2.1,5.7,0.375,2.4,5.4,0.435,0.5,1.5,1.7,0.897,0.6,3,3.7,1.5,0.8,0.1,0.9,1.3,12.6
"319","Amar'e Stoudemire","PF",27,"PHO",82,82,34.6,8.6,15.4,0.557,0,0.1,0.167,8.6,15.3,0.559,0.557,5.9,7.7,0.771,2.8,6.1,8.9,1,0.6,1,2.6,3.4,23.1
"320","Rodney Stuckey","PG",23,"DET",73,67,34.2,6.2,15.2,0.405,0.2,1.1,0.228,5.9,14.1,0.418,0.413,4.1,4.9,0.833,0.9,2.9,3.8,4.8,1.4,0.2,2.2,2.8,16.6
"321","DaJuan Summers","SF",22,"DET",44,0,9.2,1,3,0.354,0.3,1,0.357,0.7,2,0.352,0.412,0.6,0.9,0.711,0.3,0.7,1,0.4,0.2,0.2,0.4,1.2,3
"322","Jermaine Taylor","SG",23,"HOU",31,4,9.8,1.5,3.8,0.378,0.2,0.7,0.227,1.3,3.1,0.412,0.399,1.1,1.5,0.717,0.7,0.8,1.5,0.5,0.3,0.1,0.6,0.5,4.1
"323","Jeff Teague","PG",21,"ATL",71,3,10.1,1.3,3.2,0.396,0.1,0.5,0.219,1.2,2.7,0.426,0.412,0.6,0.7,0.837,0.1,0.9,0.9,1.7,0.5,0.2,0.7,1.2,3.2
"324","Jason Terry","SG",32,"DAL",77,12,33,5.9,13.5,0.438,1.8,4.8,0.365,4.2,8.7,0.479,0.503,3,3.5,0.866,0.2,1.6,1.8,3.8,1.2,0.2,1.4,1.8,16.6
"325","Hasheem Thabeet","C",22,"MEM",68,13,13,1.1,1.9,0.588,0,0,0.0,1.1,1.9,0.588,0.588,0.8,1.4,0.581,1.3,2.3,3.6,0.2,0.2,1.3,0.6,2.4,3.1
"326","Etan Thomas","C",31,"OKC",23,1,14,1.3,3,0.456,0,0,0.0,1.3,3,0.456,0.456,0.6,1,0.591,0.8,2,2.8,0,0.2,0.7,0.8,1.7,3.3
"327","Kenny Thomas","PF",32,"SAC",26,2,12,0.7,1.3,0.486,0,0,0.0,0.7,1.3,0.486,0.486,0.3,0.5,0.583,1.3,2,3.3,0.6,0.4,0.4,0.7,1.6,1.6
"328","Kurt Thomas","C",37,"MIL",70,9,15,1.4,3,0.476,0,0,0.0,1.4,3,0.476,0.476,0.2,0.2,0.8,1.2,3,4.2,0.7,0.4,0.7,0.7,2.3,3
"329","Tim Thomas","SF",32,"DAL",18,1,15.8,2.7,5.9,0.462,0.9,2.4,0.372,1.8,3.5,0.524,0.538,1.2,1.3,0.875,0.7,1.6,2.3,0.8,0.6,0.1,0.8,1.7,7.5
"330","Jason Thompson","C",23,"SAC",75,58,31.4,4.9,10.5,0.472,0,0.1,0.1,4.9,10.3,0.477,0.473,2.6,3.7,0.715,3,5.5,8.5,1.7,0.5,1,1.9,3.7,12.5
"331","Marcus Thornton","SG",22,"NOH",73,17,25.6,5.5,12.1,0.451,1.6,4.3,0.374,3.8,7.8,0.493,0.517,2,2.4,0.814,1,1.9,2.9,1.6,0.8,0.2,1,1.7,14.5
"332","Jamaal Tinsley","PG",31,"MEM",38,1,15.5,1.4,3.7,0.371,0.2,1,0.179,1.2,2.7,0.446,0.396,0.6,0.7,0.815,0.3,1.4,1.7,2.8,0.9,0.1,1.7,1.8,3.5
"333","Ronny Turiaf","C",27,"GSW",42,20,20.8,2,3.5,0.582,0,0,0,2,3.5,0.586,0.582,0.9,1.9,0.474,1.3,3.3,4.5,2.1,0.5,1.3,1.2,2.3,4.9
"334","Hedo Turkoglu","SF",30,"TOR",74,69,30.7,3.7,9.1,0.409,1.5,3.9,0.374,2.3,5.2,0.436,0.49,2.4,3.1,0.774,0.6,4.1,4.6,4.1,0.7,0.4,1.7,3,11.3
"335","Ime Udoka","SG",32,"SAC",69,2,13.7,1.3,3.5,0.378,0.4,1.3,0.286,0.9,2.2,0.433,0.432,0.6,0.8,0.737,0.7,2,2.8,0.8,0.5,0.1,0.6,1.2,3.6
"336","Beno Udrih","PG",27,"SAC",79,41,31.4,5.3,10.6,0.493,0.9,2.5,0.377,4.3,8.1,0.53,0.538,1.5,1.8,0.837,0.5,2.3,2.8,4.7,1.1,0.1,1.7,2.1,12.9
"337","Roko Ukic","PG",25,"MIL",13,0,7.5,1.1,2.3,0.467,0.2,0.9,0.25,0.8,1.4,0.611,0.517,0.7,0.8,0.818,0,0.2,0.2,0.9,0.1,0,0.5,0.5,3.1
"338","Anderson Varejao","PF",27,"CLE",76,7,28.5,3.5,6.1,0.572,0,0.1,0.2,3.5,6.1,0.576,0.573,1.5,2.3,0.663,2.5,5.1,7.6,1.1,0.9,0.9,0.9,2.9,8.6
"339","Charlie Villanueva","PF",25,"DET",78,16,23.7,4.7,10.6,0.439,1.3,3.6,0.351,3.4,7,0.484,0.499,1.4,1.7,0.815,1.1,3.6,4.7,0.7,0.6,0.7,0.9,2.9,11.9
"340","Sasha Vujacic","SG",25,"LAL",67,1,8.6,1,2.4,0.402,0.4,1.2,0.309,0.6,1.2,0.494,0.479,0.4,0.5,0.848,0.4,0.8,1.2,0.6,0.3,0.1,0.3,1,2.8
"341","Dwyane Wade","SG",28,"MIA",77,77,36.3,9.3,19.6,0.476,0.9,3.2,0.3,8.4,16.5,0.509,0.5,6.9,9.1,0.761,1.4,3.5,4.8,6.5,1.8,1.1,3.3,2.4,26.6
"342","Ben Wallace","C",35,"DET",69,67,28.6,2.3,4.2,0.541,0,0,0,2.3,4.2,0.545,0.541,0.9,2.3,0.406,3.6,5.1,8.7,1.5,1.2,1.2,0.9,1.9,5.5
"343","Gerald Wallace","SF",27,"CHA",76,76,41,6,12.4,0.484,0.7,1.8,0.371,5.3,10.6,0.503,0.511,5.6,7.2,0.776,2,8.1,10,2.1,1.5,1.1,2.3,2.6,18.2
"344","Rasheed Wallace","C",35,"BOS",79,13,22.5,3.4,8.2,0.409,1,3.7,0.283,2.3,4.6,0.511,0.472,1.2,1.6,0.768,0.5,3.6,4.1,1,1,0.9,0.8,2.8,9
"345","Luke Walton","SF",29,"LAL",29,0,9.4,1,2.9,0.357,0.2,0.6,0.412,0.8,2.3,0.343,0.399,0.1,0.1,0.5,0.4,0.9,1.3,1.4,0.3,0,0.4,0.7,2.4
"346","C.J. Watson","PG",25,"GSW",65,15,27.5,3.8,8.1,0.468,0.7,2.2,0.31,3.1,5.9,0.527,0.51,2,2.6,0.771,0.4,2.2,2.6,2.8,1.6,0.1,1.1,1.9,10.3
"347","Earl Watson","PG",30,"IND",79,52,29.4,2.8,6.6,0.426,0.7,2.3,0.288,2.2,4.3,0.5,0.476,1.5,2.1,0.71,0.7,2.4,3,5.1,1.3,0.2,2.2,2.3,7.8
"348","Kyle Weaver","SG",23,"OKC",12,0,12,1,2.8,0.364,0.6,1.6,0.368,0.4,1.2,0.357,0.47,0.4,0.5,0.833,0.1,1.4,1.5,0.9,0.5,0.5,0.3,1.1,3
"349","Martell Webster","SF",23,"POR",82,49,24.5,3.2,7.8,0.405,1.5,4,0.373,1.6,3.7,0.44,0.502,1.5,1.9,0.813,0.6,2.7,3.3,0.8,0.5,0.5,0.7,1.9,9.4
"350","Sonny Weems","SG",23,"TOR",69,19,19.8,3.4,6.6,0.515,0,0.2,0.133,3.4,6.4,0.528,0.517,0.6,0.9,0.688,0.6,2.2,2.8,1.5,0.6,0.4,0.9,1.8,7.5
"351","David West","PF",29,"NOH",81,81,36.4,7.6,15.1,0.505,0.1,0.3,0.259,7.6,14.8,0.51,0.508,3.7,4.2,0.865,2,5.4,7.5,3,0.9,0.7,2.1,2.9,19
"352","Delonte West","SG",26,"CLE",60,3,25,3.2,7.3,0.445,0.4,1.3,0.325,2.8,6,0.471,0.474,1.9,2.4,0.81,0.5,2.3,2.8,3.3,0.9,0.5,1.5,1.4,8.8
"353","Mario West","SG",25,"ATL",39,1,3.6,0.3,0.5,0.571,0,0,0,0.3,0.5,0.6,0.571,0.2,0.3,0.6,0.2,0.5,0.7,0.2,0.2,0,0.2,0.6,0.8
"354","Russell Westbrook","PG",21,"OKC",82,82,34.3,5.9,14.1,0.418,0.3,1.3,0.221,5.6,12.9,0.438,0.428,4,5.1,0.78,1.7,3.1,4.9,8,1.3,0.4,3.3,2.5,16.1
"355","D.J. White","PF",23,"OKC",12,0,8.5,2.1,3.4,0.61,0,0,0.0,2.1,3.4,0.61,0.61,0.8,0.8,0.9,0.8,1.1,1.9,0.3,0.4,0.3,0.3,1,4.9
"356","Chris Wilcox","PF",27,"DET",34,10,13,1.9,3.5,0.525,0,0,0.0,1.9,3.5,0.525,0.525,0.8,1.5,0.5,1.3,2.1,3.4,0.4,0.4,0.4,1.1,1.9,4.5
"357","Damien Wilkins","SF",30,"MIN",80,31,19.8,2.1,4.8,0.433,0.2,0.8,0.295,1.8,4,0.459,0.457,1.3,1.6,0.798,0.9,2.2,3.1,1.7,0.8,0.3,1,1.8,5.6
"358","Mike Wilks","PG",30,"OKC",4,0,14.8,1.5,3,0.5,0.5,0.8,0.667,1,2.3,0.444,0.583,0.5,1,0.5,0.3,0.8,1,1,0,0,1,1.3,4
"359","Deron Williams","PG",25,"UTA",76,76,36.9,6.5,13.9,0.469,1.3,3.4,0.371,5.2,10.4,0.501,0.515,4.4,5.5,0.801,0.7,3.3,4,10.5,1.3,0.2,3.3,2.7,18.7
"360","Jason Williams","PG",34,"ORL",82,18,20.8,2.3,5.2,0.444,1,2.7,0.38,1.3,2.5,0.512,0.542,0.4,0.5,0.756,0.1,1.5,1.5,3.6,0.6,0,1.1,0.8,6
"361","Jawad Williams","PG",26,"CLE",54,6,13.7,1.5,3.8,0.393,0.6,1.7,0.323,0.9,2.1,0.451,0.466,0.6,0.8,0.711,0.3,1.2,1.5,0.6,0.2,0.1,0.3,1.4,4.1
"362","Lou Williams","PG",23,"PHI",64,38,29.9,5,10.6,0.47,1.1,3.2,0.34,3.9,7.4,0.527,0.521,3,3.6,0.824,0.4,2.5,2.9,4.2,1.3,0.2,1.7,1.7,14
"363","Marcus Williams","PG",24,"MEM",62,1,14.1,1.7,4.4,0.384,0.4,1.3,0.296,1.3,3.1,0.421,0.428,0.6,0.9,0.673,0.2,1.3,1.5,2.6,0.5,0,1.2,0.7,4.3
"364","Marvin Williams","SF",23,"ATL",81,81,30.5,3.7,8.2,0.455,0.5,1.6,0.303,3.2,6.6,0.492,0.485,2.2,2.7,0.819,1.3,3.8,5.1,1.1,0.8,0.6,0.9,2,10.1
"365","Mo Williams","PG",27,"CLE",69,68,34.2,5.5,12.4,0.442,2.3,5.4,0.429,3.2,7,0.452,0.535,2.6,2.9,0.894,0.4,2.6,3,5.3,1,0.3,2.5,2.5,15.8
"366","Reggie Williams","SF",23,"GSW",24,10,32.6,5.8,11.8,0.495,1.4,3.8,0.359,4.5,8,0.56,0.553,2.2,2.6,0.839,0.8,3.8,4.6,2.8,1,0.3,1.2,2,15.2
"367","Sean Williams","PF",23,"NJN",20,0,11.4,1.1,2.5,0.429,0,0.1,0,1.1,2.4,0.438,0.429,0.5,1,0.526,1.1,1.3,2.3,0.1,0.4,1,1,2.1,2.6
"368","Shelden Williams","PF",26,"BOS",54,0,11.1,1.2,2.2,0.521,0,0,0,1.2,2.2,0.525,0.521,1.4,1.8,0.765,0.9,1.8,2.7,0.4,0.2,0.4,0.6,1.6,3.7
"369","Terrence Williams","SF",22,"NJN",78,9,22.6,3.3,8.3,0.401,0.4,1.3,0.31,2.9,7.1,0.417,0.425,1.3,1.8,0.715,0.6,3.9,4.5,2.9,0.6,0.1,1.6,1.6,8.4
"370","Metta World Peace","SF",30,"LAL",77,77,33.8,4,9.6,0.414,1.4,3.8,0.355,2.6,5.8,0.453,0.484,1.7,2.4,0.688,1.3,3,4.3,3,1.4,0.3,1.6,2.1,11
"371","Antoine Wright","SF",25,"TOR",67,10,20.8,2.4,6,0.406,0.9,2.6,0.335,1.6,3.4,0.46,0.479,0.8,1.1,0.688,0.6,2.3,2.8,1.1,0.4,0.2,0.9,2,6.5
"372","Dorell Wright","SF",24,"MIA",72,1,20.8,2.7,5.8,0.463,0.8,2.2,0.389,1.8,3.6,0.508,0.536,0.8,1,0.884,0.7,2.6,3.3,1.3,0.7,0.4,0.7,1.3,7.1
"373","Julian Wright","SF",22,"NOH",68,14,12.8,1.7,3.4,0.5,0,0.1,0.333,1.7,3.3,0.504,0.504,0.4,0.6,0.61,0.9,1.3,2.1,0.6,0.4,0.3,0.6,0.7,3.8
"374","Nick Young","SG",24,"WAS",74,23,19.2,3.1,7.5,0.418,0.9,2.3,0.406,2.2,5.2,0.423,0.479,1.4,1.8,0.8,0.3,1.1,1.4,0.6,0.4,0.1,0.8,2,8.6
"375","Sam Young","SF",24,"MEM",80,1,16.5,2.8,6.2,0.451,0.1,0.7,0.196,2.7,5.5,0.483,0.462,1.7,2.2,0.777,1,1.6,2.5,0.7,0.4,0.3,1.2,1.3,7.4
"376","Thaddeus Young","PF",21,"PHI",67,45,32,5.7,12.1,0.47,0.7,2.1,0.348,5,10.1,0.495,0.499,1.7,2.5,0.691,1.9,3.3,5.2,1.4,1.2,0.2,1.9,2,13.8
