"","Player","Pos","Age","Tm","G","MP","PER","TS.","X3PAr","FTr","ORB.","DRB.","TRB.","AST.","STL.","BLK.","TOV.","USG.","X","OWS","DWS","WS","WS.48","X.1","OBPM","DBPM","BPM","VORP"
"1","Quincy Acy","PF",25,"SAC",59,876,14.7,0.629,0.229,0.318,8.1,15.1,11.6,4.4,1.6,2.2,10,13.1,0.0,1.8,0.7,2.5,0.137,0.0,0.2,0,0.2,0.5
"2","Jordan Adams","SG",21,"MEM",2,15,17.3,0.427,0.167,0.833,0,15.9,7.6,31.9,10.3,0,19.6,30.5,0.0,0,0,0,0.015,0.0,-2.9,4.8,1.9,0
"3","Steven Adams","C",22,"OKC",80,2014,15.5,0.621,0,0.46,12.5,16.1,14.4,4.3,1,3.3,14.1,12.6,0.0,4.2,2.3,6.5,0.155,0.0,0.8,1.3,2.1,2.1
"4","Arron Afflalo","SG",30,"NYK",71,2371,10.9,0.531,0.298,0.164,1.1,11,6.1,9.9,0.5,0.3,8.7,17.9,0.0,1.8,0.9,2.7,0.055,0.0,-0.6,-1.8,-2.4,-0.2
"5","Alexis Ajinca","C",27,"NOP",59,861,13.8,0.514,0.003,0.197,9.3,25.9,17.3,5.8,1.1,3.4,13.6,20.4,0.0,0.2,0.9,1,0.058,0.0,-4.3,-0.2,-4.5,-0.5
"6","Cole Aldrich","C",27,"LAC",60,800,21.3,0.626,0,0.373,11.9,27.1,19.6,10,2.9,6.7,19.6,18.4,0.0,1.4,2,3.5,0.209,0.0,-1,5.8,4.8,1.4
"7","LaMarcus Aldridge","PF",30,"SAS",74,2261,22.4,0.565,0.015,0.289,9.2,22.2,15.9,8.1,0.9,2.8,7.8,25.9,0.0,5.6,4.5,10.1,0.215,0.0,0.7,1.1,1.8,2.2
"8","Cliff Alexander","PF",20,"POR",8,36,11.6,0.5,0,0,6,12.1,9,0,1.4,4.4,9.1,13.3,0.0,0,0,0,0.052,0.0,-5.7,-1.3,-7,0
"9","Lavoy Allen","PF",26,"IND",79,1599,12.4,0.532,0,0.197,11.1,17.8,14.5,7.1,0.8,2.1,14.6,13,0.0,1.6,2.1,3.7,0.11,0.0,-2.1,1.4,-0.6,0.6
"10","Tony Allen","SG",34,"MEM",64,1620,12.9,0.505,0.09,0.294,7,14.1,10.4,6.9,3.5,1,12.8,16.8,0.0,0.5,1.9,2.4,0.072,0.0,-1.5,1.4,-0.1,0.8
"11","Al-Farouq Aminu","SF",25,"POR",82,2341,12.7,0.533,0.485,0.217,4.5,18.6,11.5,8.8,1.5,1.8,13.2,16.9,0.0,1.7,2.3,4,0.082,0.0,-0.4,0.7,0.2,1.3
"12","Lou Amundson","PF",33,"NYK",29,204,6.7,0.401,0,0.509,12.5,13.7,13.1,8.8,1.5,2.6,18.8,17.7,0.0,-0.3,0.2,-0.1,-0.014,0.0,-5.3,0.4,-5,-0.2
"13","Chris Andersen","C",37,"MIA",7,36,17.6,0.553,0.5,0.4,9.8,18.3,14.2,12.2,1.4,6.4,14.5,17.5,0.0,0.1,0.1,0.1,0.165,0.0,0.4,2.6,3,0
"14","Chris Andersen","C",37,"MEM",20,366,15.1,0.605,0.145,0.516,9.9,18.2,13.9,3.7,2,2.5,8.4,10.2,0.0,0.7,0.4,1.1,0.148,0.0,-0.4,0.9,0.6,0.2
"15","Alan Anderson","SG",33,"WAS",13,192,9.2,0.495,0.627,0.254,0.6,15.5,7.9,10.3,1,0.4,3,15.4,0.0,0.2,0.2,0.3,0.078,0.0,-1.2,-1.7,-2.8,0
"16","James Anderson","SG",26,"SAC",51,721,6,0.469,0.483,0.163,2,10.9,6.5,7.7,1.4,1.6,18,13.7,0.0,-0.6,0.4,-0.3,-0.017,0.0,-3.9,-0.3,-4.2,-0.4
"17","Justin Anderson","SF",22,"DAL",55,647,12.3,0.522,0.474,0.314,3.1,19.3,11.2,6.8,1.5,3.2,10.8,15.8,0.0,0.3,0.8,1.1,0.083,0.0,-2.5,1.3,-1.2,0.1
"18","Kyle Anderson","SF",22,"SAS",78,1245,12.9,0.528,0.125,0.281,2.4,19.4,11.2,13.7,2.5,1.8,15.1,14.4,0.0,0.7,2.8,3.5,0.133,0.0,-1.9,3.7,1.8,1.2
"19","Ryan Anderson","PF",27,"NOP",66,2008,17.2,0.546,0.385,0.245,7,15.2,10.9,6.1,0.9,1,8,24.7,0.0,3.1,0.8,3.9,0.092,0.0,1.5,-2.9,-1.4,0.3
"20","Giannis Antetokounmpo","PG",21,"MIL",80,2823,18.8,0.566,0.108,0.404,4.6,20,12.4,20,1.7,3.4,14.8,22.3,0.0,4.2,2.9,7.1,0.121,0.0,1,1.5,2.4,3.2
"21","Thanasis Antetokounmpo","SF",23,"NYK",2,6,32.9,0.75,0.25,0,0,17.9,9.1,0,0,0,0,30.2,0.0,0,0,0,0.291,0.0,6.3,-10.5,-4.1,0
"22","Carmelo Anthony","SF",31,"NYK",72,2530,20.3,0.53,0.237,0.308,4.3,19.5,12,21.9,1.3,1.1,10.6,29.7,0.0,3.9,2.5,6.4,0.121,0.0,2.8,-0.2,2.6,2.9
"23","Joel Anthony","C",33,"DET",19,96,14.1,0.666,0,0.8,8.8,15.4,11.9,1.4,1.1,9.5,12.9,7,0.0,0.2,0.2,0.4,0.177,0.0,-2.8,5,2.2,0.1
"24","Keith Appling","PG",23,"ORL",5,27,-4.8,0.338,0.375,0.25,0,4.2,2.1,5,1.9,0,25.3,19.5,0.0,-0.1,0,-0.1,-0.199,0.0,-10.3,-2.7,-13,-0.1
"25","Trevor Ariza","SF",30,"HOU",81,2859,12.9,0.551,0.581,0.187,2.6,11.6,7.1,10,2.8,0.8,10.8,15.7,0.0,3.1,2.3,5.4,0.09,0.0,1.2,0.3,1.5,2.5
"26","Darrell Arthur","PF",27,"DEN",70,1516,12.5,0.514,0.239,0.108,6.2,15.4,10.7,10,1.8,2.6,11.4,16.7,0.0,1,1.3,2.3,0.072,0.0,-1.2,0.8,-0.3,0.6
"27","Omer Asik","C",29,"NOP",68,1178,11,0.551,0,0.574,10.9,28.7,19.5,3.1,0.9,1.6,19.7,11.4,0.0,0.7,1,1.7,0.07,0.0,-4,-0.2,-4.2,-0.7
"28","D.J. Augustin","PG",28,"OKC",34,519,8.7,0.522,0.504,0.281,1.1,7.6,4.5,16.7,1.2,0.3,18.1,13.6,0.0,0.4,0.3,0.7,0.065,0.0,-1.4,-1.9,-3.3,-0.2
"29","D.J. Augustin","PG",28,"DEN",28,659,18,0.601,0.467,0.41,0.5,8.4,4.4,32,1.9,0.2,16.6,21.5,0.0,1.6,0.3,1.9,0.139,0.0,2.8,-3.3,-0.5,0.3
"30","Jeff Ayres","C",28,"LAC",17,107,8.3,0.585,0.043,0.261,4.1,18.1,11.2,6.9,0,2.2,19,13.4,0.0,0.1,0.1,0.2,0.077,0.0,-4.7,0.1,-4.6,-0.1
"31","Luke Babbitt","SF",26,"NOP",47,845,11.6,0.526,0.377,0.173,3.2,16.7,9.7,9.6,0.6,0.7,6.9,17.5,0.0,0.8,0.3,1.1,0.064,0.0,-0.9,-2,-2.9,-0.2
"32","Cameron Bairstow","C",25,"CHI",18,103,6.8,0.391,0.125,0.2,4.2,24,14.3,8.7,1,2.1,8.4,20.3,0.0,-0.1,0.1,0,-0.004,0.0,-6.9,-0.8,-7.7,-0.1
"33","Leandro Barbosa","SG",33,"GSW",68,1079,11.7,0.545,0.297,0.168,3,8.4,5.8,10.6,2,0.7,11.8,18.1,0.0,0.9,1.2,2.1,0.092,0.0,-1.2,-0.9,-2.1,0
"34","J.J. Barea","PG",31,"DAL",74,1667,15.4,0.536,0.366,0.135,1.7,8.3,5,31.5,0.8,0.1,13,23.8,0.0,2.1,0.7,2.8,0.082,0.0,1.6,-2.8,-1.2,0.3
"35","Andrea Bargnani","C",30,"BRK",46,634,11.8,0.5,0.057,0.204,4.9,12.4,8.6,4.8,0.3,1.1,7.9,23.2,0.0,0.1,0,0.2,0.013,0.0,-3.7,-4.2,-7.9,-0.9
"36","Harrison Barnes","SF",23,"GSW",66,2042,12.3,0.559,0.338,0.212,4.3,12.4,8.6,7.8,1,0.4,7.6,15.9,0.0,3.1,1.9,4.9,0.116,0.0,0.4,-0.6,-0.2,0.9
"37","Matt Barnes","SF",35,"MEM",76,2190,11.7,0.503,0.534,0.199,4.2,18.3,10.9,11.6,1.8,2.4,13.8,17.9,0.0,0.4,2.2,2.6,0.056,0.0,-0.4,0.8,0.4,1.3
"38","Will Barton","SG",25,"DEN",82,2353,16,0.535,0.331,0.273,2.7,20,11.2,14.4,1.5,1.3,11.2,23,0.0,2.4,1.9,4.3,0.088,0.0,0.3,-0.4,-0.1,1.1
"39","Brandon Bass","PF",30,"LAL",66,1342,17.4,0.619,0.006,0.467,8.1,15,11.4,9.2,1.2,3.2,9.9,13.9,0.0,3.4,0.7,4.1,0.146,0.0,0.1,0.7,0.8,1
"40","Nicolas Batum","SF",27,"CHO",70,2448,15.6,0.546,0.457,0.22,2.4,16.8,9.6,26.9,1.3,1.4,17.6,21.4,0.0,2,2.9,5,0.097,0.0,1.1,0.9,2,2.5
"41","Jerryd Bayless","SG",27,"MIL",52,1505,12.4,0.568,0.529,0.206,1.6,9,5.4,16.2,1.6,0.6,13.3,16.4,0.0,1.8,0.6,2.4,0.075,0.0,1.1,-2.1,-1,0.4
"42","Aron Baynes","C",29,"DET",81,1233,17.8,0.563,0.005,0.43,11.9,22.5,17,6.6,0.9,3.2,12.8,18.5,0.0,2.4,1.7,4.1,0.158,0.0,-1.3,1.1,-0.2,0.6
"43","Kent Bazemore","SF",26,"ATL",75,2083,13.4,0.551,0.421,0.208,1.5,18,9.9,12.7,2.3,1.4,14.8,20,0.0,0.3,3.8,4.1,0.094,0.0,-1.3,1.6,0.3,1.2
"44","Bradley Beal","SG",22,"WAS",55,1708,15.5,0.547,0.339,0.22,2.6,9.8,6.2,15.6,1.5,0.5,11.3,25.3,0.0,1.4,1.3,2.7,0.076,0.0,1,-1.6,-0.6,0.6
"45","Michael Beasley","SF",27,"HOU",20,363,22.5,0.563,0.044,0.239,8.8,21.1,14.9,9.1,1.5,2.1,9.6,29.7,0.0,0.6,0.3,1,0.128,0.0,-0.8,-2.5,-3.4,-0.1
"46","Marco Belinelli","SG",29,"SAC",68,1672,9.4,0.5,0.468,0.217,0.7,6.9,3.8,11.1,1.1,0.1,10.3,19.7,0.0,0.2,0.3,0.5,0.014,0.0,-1.3,-2.9,-4.2,-0.9
"47","Anthony Bennett","PF",22,"TOR",19,84,10.4,0.446,0.519,0.37,8.3,22.8,15.7,0,3.1,0,11.3,19.2,0.0,0,0.1,0.1,0.054,0.0,-4.8,-4.6,-9.4,-0.2
"48","Patrick Beverley","PG",27,"HOU",71,2041,13,0.553,0.522,0.148,3.9,9.6,6.8,17.9,2.3,1.1,12.6,15.3,0.0,3.1,1.3,4.4,0.102,0.0,1.4,-0.3,1.1,1.6
"49","Bismack Biyombo","C",23,"TOR",82,1808,14.9,0.586,0.003,0.785,11.7,29.5,20.8,2.4,0.5,6.1,15.5,11.5,0.0,2.8,3.1,5.9,0.156,0.0,-2.4,2.3,-0.1,0.9
"50","Nemanja Bjelica","PF",27,"MIN",60,1075,11.2,0.594,0.532,0.234,5.4,17.2,11.4,11.4,1.2,1.6,15.3,12.8,0.0,1.4,0.6,1.9,0.087,0.0,0.5,-0.2,0.3,0.6
"51","Tarik Black","C",24,"LAL",39,496,12.3,0.537,0,0.433,9.2,25.4,17,5.2,1.4,2.9,15.1,12.9,0.0,0.3,0.4,0.7,0.072,0.0,-4,0.6,-3.4,-0.2
"52","DeJuan Blair","C",26,"WAS",29,218,5.4,0.414,0.015,0.191,10.1,19.4,14.6,7.3,1.8,0.7,16.9,17.8,0.0,-0.3,0.3,-0.1,-0.015,0.0,-6.3,-0.1,-6.4,-0.2
"53","Steve Blake","PG",35,"DET",58,986,9.8,0.51,0.629,0.083,1,9.2,4.9,29.5,1.2,0.4,24.6,14.6,0.0,0.3,0.8,1.1,0.053,0.0,-1.8,-1.8,-3.5,-0.4
"54","Eric Bledsoe","PG",26,"PHO",31,1059,20,0.557,0.262,0.35,1.8,11.2,6.4,31.8,2.9,1.5,16.2,27.2,0.0,1.6,1,2.5,0.116,0.0,2.7,0.1,2.8,1.3
"55","Bojan Bogdanovic","SF",26,"BRK",79,2115,10.7,0.55,0.451,0.176,1.9,11.8,6.8,7.3,0.7,0.2,12.5,19.4,0.0,0.9,0,0.9,0.021,0.0,-0.5,-2.9,-3.4,-0.8
"56","Andrew Bogut","C",31,"GSW",70,1451,15.9,0.623,0.004,0.179,9.5,26,18.3,14.8,1.1,5.8,21.6,11.4,0.0,2.6,2.9,5.4,0.18,0.0,-0.6,5.1,4.5,2.4
"57","Matt Bonner","C",35,"SAS",30,206,14.1,0.647,0.596,0.07,1.7,12.8,7.5,6.3,1.5,0.4,4.9,13.7,0.0,0.4,0.3,0.8,0.181,0.0,1.8,-0.3,1.6,0.2
"58","Devin Booker","SG",19,"PHO",76,2108,11.9,0.535,0.333,0.295,1.4,8.4,4.8,15.8,1,0.8,14,23,0.0,1.2,0.7,1.9,0.043,0.0,-0.6,-2.4,-3.1,-0.6
"59","Trevor Booker","PF",28,"UTA",79,1632,14.4,0.533,0.106,0.273,11.9,20.4,16.2,8.2,1.9,2.1,15.7,14.6,0.0,1.8,2.6,4.3,0.128,0.0,-0.9,2.3,1.4,1.4
"60","Chris Bosh","PF",31,"MIA",53,1778,20.2,0.571,0.289,0.349,3.2,21.1,12.4,12.1,1,1.5,8.1,24.7,0.0,4.1,2.3,6.4,0.172,0.0,2.3,-0.3,2.1,1.8
"61","Avery Bradley","SG",25,"BOS",76,2536,13.2,0.538,0.399,0.121,2,7.3,4.6,9.8,2.2,0.6,9.2,19.8,0.0,2,2.8,4.8,0.09,0.0,0.5,-0.3,0.2,1.4
"62","Elton Brand","C",36,"PHI",17,225,11.4,0.461,0.014,0.125,4.2,27,15.2,13.1,2,2.7,12.6,16.9,0.0,-0.1,0.3,0.2,0.036,0.0,-5.5,1.5,-4,-0.1
"63","Corey Brewer","SF",29,"HOU",82,1669,9.9,0.481,0.406,0.254,2.8,10.4,6.6,10,2.5,0.9,11.3,17.8,0.0,0.1,1.2,1.2,0.035,0.0,-2.2,-1,-3.1,-0.5
"64","Aaron Brooks","PG",31,"CHI",69,1108,11.8,0.494,0.394,0.136,2,7.5,4.8,26,1.4,0.7,14.2,22.9,0.0,0.2,0.7,0.9,0.04,0.0,-0.5,-2.8,-3.3,-0.4
"65","Anthony Brown","SF",23,"LAL",29,599,4.9,0.427,0.556,0.159,1.6,11.3,6.3,4.8,1.2,0.7,10,11,0.0,-0.4,0.1,-0.3,-0.024,0.0,-4,-1.1,-5,-0.5
"66","Lorenzo Brown","PG",25,"PHO",8,61,4.4,0.374,0.32,0.16,0,12.8,6.2,28,2.4,1.3,25.2,24.9,0.0,-0.3,0.1,-0.2,-0.157,0.0,-8.1,-1.4,-9.5,-0.1
"67","Markel Brown","SG",24,"BRK",62,982,11.3,0.5,0.376,0.292,2.6,11.5,7,13.9,2,1.2,12.9,18.9,0.0,0.2,0.4,0.6,0.031,0.0,-1.4,-1.3,-2.6,-0.2
"68","Kobe Bryant","SF",37,"LAL",66,1863,14.9,0.469,0.42,0.252,2.3,12.3,7.1,19.1,1.7,0.5,9.4,32.2,0.0,-0.9,0.5,-0.4,-0.01,0.0,0.8,-3.3,-2.5,-0.2
"69","Chase Budinger","SF",27,"IND",49,729,11.1,0.502,0.356,0.247,4.7,13.4,9.1,9.9,2,1,12.6,14.9,0.0,0.3,1,1.3,0.084,0.0,-2,0.8,-1.2,0.1
"70","Chase Budinger","SF",27,"PHO",17,200,9.2,0.567,0.378,0.178,6.4,9.4,7.9,11.4,0.7,0.4,21.1,13.1,0.0,0.1,0,0.1,0.034,0.0,-2,-1.6,-3.6,-0.1
"71","Reggie Bullock","SF",24,"DET",37,429,12,0.583,0.541,0.153,3.4,14.3,8.6,9.2,1.2,0.4,7.1,11.4,0.0,0.8,0.4,1.2,0.134,0.0,0,0,0,0.2
"72","Trey Burke","PG",23,"UTA",64,1366,14,0.507,0.404,0.129,1.5,8,4.8,19.7,1.4,0.4,10.7,25.3,0.0,0.9,1.2,2.1,0.074,0.0,0.4,-2.5,-2,0
"73","Alec Burks","SG",24,"UTA",31,797,14.3,0.52,0.237,0.422,2.4,13.6,8,13.9,1.2,0.4,11.4,25.9,0.0,0.7,0.8,1.5,0.09,0.0,-0.9,-1.6,-2.5,-0.1
"74","Caron Butler","SF",35,"SAC",17,176,11.3,0.49,0.305,0.203,3.1,10.4,6.8,8.3,2.5,0.5,4.5,16.2,0.0,0.1,0.1,0.3,0.071,0.0,-1.5,-1.1,-2.6,0
"75","Jimmy Butler","SG",26,"CHI",67,2474,21.3,0.562,0.198,0.459,3.4,11.6,7.6,21.4,2.2,1.3,9.6,24.4,0.0,6.5,2.7,9.1,0.177,0.0,3.6,0.3,4,3.7
"76","Rasual Butler","SF",36,"SAS",46,432,13.4,0.558,0.471,0.154,0.8,13.5,7.4,7.7,1.5,4.1,6.7,12.6,0.0,0.4,0.9,1.3,0.146,0.0,-0.9,2.7,1.8,0.4
"77","Bruno Caboclo","SF",20,"TOR",6,43,-7.7,0.125,0.583,0,2.7,2.6,2.7,3.2,2.4,1.9,25,16.9,0.0,-0.3,0,-0.3,-0.283,0.0,-11.4,-0.2,-11.6,-0.1
"78","Jose Calderon","PG",34,"NYK",72,2024,12.3,0.571,0.446,0.105,1.2,11,6.2,22.4,1.6,0.3,15.4,12.6,0.0,2.7,1.4,4,0.096,0.0,0.5,-0.6,-0.1,1
"79","Kentavious Caldwell-Pope","SG",22,"DET",76,2789,12.4,0.521,0.384,0.238,2.6,8.6,5.5,7.8,2,0.5,9,18.2,0.0,2.6,2.7,5.3,0.092,0.0,0.6,0.6,1.1,2.2
"80","Isaiah Canaan","SG",24,"PHI",77,1966,11.1,0.528,0.672,0.249,1.1,8.8,4.8,11.3,1.4,0.5,10.2,19.9,0.0,0.9,0.5,1.4,0.035,0.0,0.2,-2.9,-2.7,-0.4
"81","Clint Capela","C",21,"HOU",77,1471,18.3,0.553,0.003,0.531,14.4,22.7,18.5,5.1,2,5.2,10.9,16.1,0.0,2.4,2,4.4,0.144,0.0,-1.2,1.7,0.5,0.9
"82","DeMarre Carroll","SF",29,"TOR",26,786,11.9,0.49,0.437,0.185,4.6,13.1,8.9,5.5,2.9,0.6,8.8,18.5,0.0,0.2,1,1.2,0.074,0.0,0,0.3,0.2,0.4
"83","Vince Carter","SG",39,"MEM",60,1005,12.7,0.52,0.493,0.245,3.4,13.6,8.3,8.9,1.9,1.5,8.4,18.5,0.0,1,0.8,1.8,0.084,0.0,-0.1,-1.2,-1.2,0.2
"84","Michael Carter-Williams","PG",24,"MIL",54,1649,13.9,0.497,0.099,0.292,3.4,15.7,9.6,26.6,2.5,2.1,19.6,21.3,0.0,-0.4,1.6,1.2,0.035,0.0,-1.6,0.9,-0.8,0.5
"85","Omri Casspi","SF",27,"SAC",69,1880,13.9,0.587,0.441,0.256,3.4,20.1,11.8,7.5,1.4,0.7,12,17.8,0.0,2.1,1.5,3.6,0.092,0.0,0.3,-0.6,-0.3,0.8
"86","Willie Cauley-Stein","C",22,"SAC",66,1412,15.3,0.588,0.006,0.369,10.3,16.6,13.5,3.8,1.6,3.8,10.5,13.2,0.0,2.4,1.4,3.8,0.13,0.0,-0.8,1.5,0.7,1
"87","Mario Chalmers","PG",29,"MIA",6,120,9.5,0.437,0.344,0.406,1,11.9,6.6,22.3,3.4,0.6,19.3,17.8,0.0,-0.1,0.2,0.1,0.038,0.0,-3.1,0.8,-2.3,0
"88","Mario Chalmers","PG",29,"MEM",55,1253,18,0.57,0.335,0.604,2,11.4,6.5,27,3.3,0.9,16.2,22.3,0.0,2.4,1.3,3.7,0.141,0.0,2.3,-0.4,1.9,1.2
"89","Tyson Chandler","C",33,"PHO",66,1618,14.7,0.606,0.003,0.545,11.5,27.5,19.3,6,1.1,2.2,19.3,12.7,0.0,2.1,1.6,3.8,0.112,0.0,-1.9,1.3,-0.5,0.6
"90","Rakeem Christmas","PF",24,"IND",1,6,32,1,0,0,18.3,0,9.1,0,0,0,0,14.7,0.0,0,0,0,0.343,0.0,9.7,-6.6,3.2,0
"91","Ian Clark","SG",24,"GSW",66,578,11.5,0.544,0.416,0.168,2.6,9.7,6.3,15.3,1.4,1.7,16.5,19.5,0.0,0.3,0.6,0.9,0.075,0.0,-1.8,-1.3,-3,-0.2
"92","Coty Clarke","SF",23,"BOS",3,6,23.9,0.75,0.5,0,0,18,8.8,0,0,0,20,35.5,0.0,0,0,0,0.025,0.0,0.2,-9.7,-9.5,0
"93","Jordan Clarkson","SG",23,"LAL",79,2552,14.3,0.516,0.291,0.186,3.8,9.6,6.6,13.8,1.7,0.2,10.2,22.8,0.0,1.7,0.4,2.1,0.039,0.0,0.6,-2,-1.4,0.4
"94","Norris Cole","PG",27,"NOP",45,1198,10.8,0.465,0.211,0.134,0.9,13.5,7,22,1.5,0.3,12.8,21.7,0.0,-0.6,0.5,-0.1,-0.004,0.0,-2.4,-1.4,-3.7,-0.5
"95","Darren Collison","PG",28,"SAC",74,2219,15.9,0.591,0.28,0.291,1.4,6.8,4.1,21.7,1.6,0.1,12.9,19.2,0.0,4.5,0.7,5.2,0.113,0.0,1.8,-2.2,-0.4,0.9
"96","Nick Collison","PF",35,"OKC",59,699,7.7,0.498,0.018,0.303,11.2,15.2,13.3,9.6,1.1,1.7,28.8,10.6,0.0,0.1,0.7,0.8,0.053,0.0,-2.5,1.3,-1.2,0.1
"97","Mike Conley","PG",28,"MEM",56,1761,19.4,0.538,0.309,0.329,1.6,9.3,5.3,32.7,2,0.8,9.5,22.4,0.0,4.2,1.1,5.3,0.144,0.0,3.7,-1.9,1.7,1.7
"98","Pat Connaughton","SG",23,"POR",34,143,4.6,0.352,0.429,0.102,8.3,15.9,12.1,9.9,0.7,0,16.3,18.7,0.0,-0.3,0.1,-0.2,-0.076,0.0,-5.8,-2.4,-8.2,-0.2
"99","Chris Copeland","PF",31,"MIL",24,156,5.4,0.462,0.706,0.137,0.7,6.5,3.7,10.3,0.7,0,10,17.3,0.0,-0.1,0,-0.1,-0.017,0.0,-2.5,-5.2,-7.7,-0.2
"100","Bryce Cotton","PG",23,"PHO",3,33,-3.3,0.25,0.375,0,0,0,0,12.7,4.4,0,38.5,16.8,0.0,-0.2,0,-0.2,-0.238,0.0,-12.2,-2.1,-14.3,-0.1
"101","Bryce Cotton","PG",23,"MEM",5,6,29.1,1,0,0,0,0,0,0,0,0,0,15,0.0,0,0,0,0.221,0.0,6.5,-6.1,0.4,0
"102","DeMarcus Cousins","C",25,"SAC",65,2246,23.6,0.538,0.158,0.498,7.7,28.2,18,17,2.2,3.3,13.3,35.4,0.0,2.4,3.3,5.7,0.122,0.0,1,1.6,2.6,2.6
"103","Robert Covington","SF",25,"PHI",67,1903,13.2,0.543,0.677,0.249,3.6,20.9,12,8.4,2.7,1.6,15.3,21.5,0.0,-0.1,2.1,2,0.05,0.0,-0.2,0,-0.2,0.9
"104","Allen Crabbe","SG",23,"POR",81,2105,12.2,0.572,0.42,0.167,1.4,9.7,5.6,7.2,1.5,0.6,8.1,16.4,0.0,3.1,1.2,4.3,0.098,0.0,0.4,-1.1,-0.7,0.7
"105","Jamal Crawford","SG",35,"LAC",79,2126,14,0.529,0.366,0.289,1,6.3,3.7,14,1.2,0.4,9.6,24.9,0.0,1.8,1.5,3.3,0.076,0.0,-0.2,-2.4,-2.6,-0.3
"106","Jae Crowder","SF",25,"BOS",73,2308,15.8,0.565,0.446,0.294,3.2,14.2,8.6,8.9,2.7,1.2,8.3,18.5,0.0,3.8,3.5,7.3,0.152,0.0,1.5,1.3,2.8,2.8
"107","Dante Cunningham","SF",28,"NOP",80,1971,8.6,0.54,0.422,0.199,3.1,10.4,6.6,5.6,1.1,1.4,8.4,11,0.0,1.5,0.7,2.1,0.052,0.0,-1.1,-0.1,-1.2,0.4
"108","Jared Cunningham","SG",24,"CLE",40,355,5.9,0.464,0.352,0.527,1,8.2,4.6,7.6,1.7,0.5,13.8,16.6,0.0,-0.2,0.4,0.1,0.018,0.0,-4.4,-1,-5.4,-0.3
"109","Jared Cunningham","SG",24,"MIL",4,55,5.8,0.468,0.5,0.5,0,18.5,9.3,2.5,1.9,0,14.9,16.4,0.0,-0.1,0,0,-0.012,0.0,-5.7,-3.2,-8.9,-0.1
"110","Seth Curry","PG",25,"SAC",44,692,13.8,0.603,0.496,0.241,1.4,7.9,4.7,14.2,1.5,0.4,12.7,17.4,0.0,1.2,0.2,1.4,0.097,0.0,0.9,-2.4,-1.5,0.1
"111","Stephen Curry","PG",27,"GSW",79,2700,31.5,0.669,0.554,0.25,2.9,13.6,8.6,33.7,3,0.4,12.9,32.6,0.0,13.8,4.1,17.9,0.318,0.0,12.4,0.1,12.5,9.8
"112","Troy Daniels","SG",24,"CHO",43,476,14.9,0.634,0.652,0.048,1.6,11.6,6.5,7.6,1.2,0.5,11.2,20.4,0.0,0.6,0.4,1.1,0.11,0.0,1.6,-2.7,-1.1,0.1
"113","Anthony Davis","PF",22,"NOP",61,2164,25,0.559,0.095,0.379,6.4,26.4,16.1,10,1.8,4.7,8.4,29.6,0.0,4.4,2.8,7.2,0.16,0.0,1,1.2,2.2,2.3
"114","Ed Davis","PF",26,"POR",81,1684,18.7,0.616,0,0.605,14.4,24.2,19.3,7.7,1.7,3.3,13,12.7,0.0,4.4,2.3,6.7,0.192,0.0,0.8,2.5,3.3,2.3
"115","Branden Dawson","PF",22,"LAC",6,29,7.1,0.46,0,0.2,7.6,7.4,7.5,0,0,2.7,0,8.5,0.0,0,0,0,0.069,0.0,-4.9,-1.7,-6.6,0
"116","Dewayne Dedmon","C",26,"ORL",58,705,17,0.606,0,0.429,10.4,25.7,17.9,2.7,1.6,5.4,13.2,15.2,0.0,1.2,1.1,2.4,0.162,0.0,-2.6,1.3,-1.3,0.1
"117","Bryce Dejean-Jones","SG",23,"NOP",14,279,9.6,0.505,0.464,0.304,3.1,16.5,9.5,7.7,1.8,0.6,12.3,14.1,0.0,0,0.2,0.2,0.033,0.0,-2.2,-0.4,-2.6,0
"118","Sam Dekker","SF",21,"HOU",3,6,10.8,0.0,0.0,0.0,0,18.5,9.2,0,8.2,0,0.0,0,0.0,0,0,0,0.116,0.0,-5.3,5.8,0.5,0
"119","Matthew Dellavedova","PG",25,"CLE",76,1867,11.3,0.527,0.468,0.129,2,7.8,4.9,26.2,1.2,0.4,17.7,15.9,0.0,2.2,1.6,3.8,0.098,0.0,-0.2,-1.4,-1.6,0.2
"120","Luol Deng","PF",30,"MIA",74,2394,15,0.549,0.344,0.258,5.3,15.4,10.5,9,1.6,0.9,8.9,17.4,0.0,3.5,2.8,6.4,0.128,0.0,1.3,0.6,1.9,2.3
"121","DeMar DeRozan","SG",26,"TOR",78,2804,21.5,0.55,0.101,0.474,2.7,11.5,7.1,20.8,1.5,0.6,9.5,29.8,0.0,7.5,2.4,9.9,0.169,0.0,2.7,-1.2,1.4,2.4
"122","Boris Diaw","PF",33,"SAS",76,1386,14,0.582,0.18,0.198,4.9,13.9,9.6,18.4,1,1.2,18.9,17,0.0,1.6,2.2,3.8,0.132,0.0,-0.1,1.4,1.2,1.1
"123","Gorgui Dieng","C",26,"MIN",82,2220,17.1,0.601,0.035,0.428,8.3,22.1,15.3,10.1,2.1,3.5,16.9,16.7,0.0,3.4,2.5,5.9,0.127,0.0,0,2.4,2.4,2.5
"124","Spencer Dinwiddie","PG",22,"DET",12,159,8.9,0.423,0.185,0.611,2.6,9.3,5.8,20.9,1,0,9.3,20.7,0.0,0,0.1,0.1,0.028,0.0,-3.1,-2,-5.1,-0.1
"125","Toney Douglas","PG",29,"NOP",61,1262,14.7,0.543,0.456,0.222,2.1,10.7,6.3,19.1,2.8,0.3,11.6,19.4,0.0,1.6,0.9,2.5,0.094,0.0,1.4,-0.9,0.5,0.8
"126","Goran Dragic","PG",29,"MIA",72,2363,15.5,0.537,0.234,0.189,2.7,10.4,6.6,28.7,1.5,0.6,16.3,21.9,0.0,2.4,2.3,4.7,0.096,0.0,1.3,-0.6,0.7,1.6
"127","Andre Drummond","C",22,"DET",81,2666,21.2,0.499,0.006,0.553,15.6,34.2,24.5,4.4,2.3,3.2,10.5,24.1,0.0,2,5.5,7.4,0.133,0.0,-2.1,1.6,-0.5,1
"128","Jared Dudley","PF",30,"WAS",81,2098,11.7,0.602,0.489,0.201,2.8,12.6,7.6,11.4,1.7,0.7,13.1,12.7,0.0,2.6,2,4.6,0.105,0.0,0.3,0.6,1,1.6
"129","Duje Dukan","SF",24,"SAC",1,24,4.2,0.3,0.5,0,9.1,9,9,5.6,2,0,0,17.7,0.0,0,0,0,-0.057,0.0,-3.9,-2.8,-6.7,0
"130","Tim Duncan","C",39,"SAS",61,1536,16.9,0.523,0.005,0.297,8.8,23.8,16.6,15.3,1.6,3.9,15.3,17.6,0.0,1.6,3.6,5.2,0.163,0.0,-0.8,5,4.1,2.4
"131","Mike Dunleavy","SF",35,"CHI",31,703,9.1,0.543,0.527,0.197,1.2,11,6.2,8.1,1,1,11.3,14.4,0.0,0.4,0.5,0.9,0.063,0.0,-1.2,-0.9,-2.1,0
"132","Kevin Durant","SF",27,"OKC",72,2578,28.2,0.634,0.348,0.361,2,21.8,12.4,24.2,1.3,2.5,13.5,30.6,0.0,11,3.5,14.5,0.27,0.0,7,0.9,7.9,6.4
"133","Cleanthony Early","SF",24,"NYK",17,154,2.2,0.371,0.375,0.1,2.9,15.4,9.2,5.7,0.7,1.5,17.7,14.9,0.0,-0.3,0.1,-0.2,-0.075,0.0,-7.1,-1.1,-8.2,-0.2
"134","Jarell Eddie","SF",24,"WAS",26,147,11,0.46,0.723,0.123,1.5,16.3,8.8,5,1.7,0.6,1.4,20.7,0.0,0,0.1,0.1,0.046,0.0,-1.5,-3.2,-4.7,-0.1
"135","Wayne Ellington","SG",28,"BRK",76,1615,10.1,0.498,0.478,0.112,1.4,10.9,6.1,7.8,1.5,0.3,7.1,17.5,0.0,0.5,0.3,0.8,0.025,0.0,-0.9,-2.3,-3.2,-0.5
"136","Monta Ellis","SG",30,"IND",81,2734,13.7,0.504,0.276,0.202,1.7,9.1,5.4,22.2,2.7,1.1,15.4,21.2,0.0,0.4,3.9,4.3,0.075,0.0,-0.6,0.9,0.3,1.6
"137","James Ennis","SF",25,"MIA",3,7,2.4,0.0,0.0,0.0,0,0,0,18,0,0,0.0,0,0.0,0,0,0,0.07,0.0,-6.1,-4.5,-10.6,0
"138","James Ennis","SF",25,"MEM",10,40,18.3,0.46,0.615,0.769,10.9,8.9,10,7.6,5.1,4.6,10.3,21.8,0.0,0,0.1,0.1,0.1,0.0,1,1.9,2.8,0
"139","James Ennis","SF",25,"NOP",9,282,18.1,0.647,0.5,0.24,6.5,7.3,6.9,10.3,2.1,0.9,13.3,20,0.0,0.7,0.1,0.8,0.139,0.0,4,-1.3,2.7,0.3
"140","Tyler Ennis","PG",21,"MIL",46,654,10.7,0.51,0.209,0.182,2.3,10.7,6.6,21.9,1.9,0.1,18.6,17.1,0.0,0.1,0.3,0.4,0.03,0.0,-2.4,-2.3,-4.8,-0.5
"141","Jeremy Evans","SF",28,"DAL",30,251,12.6,0.62,0.333,0.438,4.8,18.8,11.8,1.2,1.2,3,10.9,11.7,0.0,0.3,0.3,0.6,0.119,0.0,-2.8,0.2,-2.6,0
"142","Tyreke Evans","SG",26,"NOP",25,765,17.9,0.534,0.271,0.296,2.8,16.4,9.3,34.6,2.1,0.9,17.1,24.7,0.0,0.8,0.6,1.4,0.087,0.0,1.7,0,1.7,0.7
"143","Festus Ezeli","C",26,"GSW",46,770,17.7,0.559,0,0.579,13.5,21.9,18,5.8,1.1,4.8,11.7,18.2,0.0,1.4,1.3,2.7,0.171,0.0,-1.5,1.4,-0.1,0.4
"144","Kenneth Faried","PF",26,"DEN",67,1694,21,0.577,0.003,0.355,15.1,23,19,8.1,0.9,2.9,11.2,21,0.0,4,1.5,5.5,0.156,0.0,1,-0.1,0.9,1.2
"145","Jordan Farmar","PG",29,"MEM",12,291,13.2,0.527,0.45,0.1,1.5,8.6,4.9,20.6,2.7,0.6,14.7,18.9,0.0,0.2,0.2,0.4,0.064,0.0,0.2,-1.4,-1.2,0.1
"146","Derrick Favors","PF",24,"UTA",62,1983,21.6,0.551,0.005,0.313,10,19.6,14.8,8.9,2,3.9,10.1,23.9,0.0,3.8,3.4,7.1,0.173,0.0,0.4,2.3,2.7,2.3
"147","Cristiano Felicio","C",23,"CHI",31,321,17.6,0.601,0.056,0.486,10,23.1,16.7,12.1,0.9,3,12.9,13.7,0.0,0.7,0.4,1.2,0.175,0.0,-0.5,1.4,0.9,0.2
"148","Raymond Felton","PG",31,"DAL",80,2192,11.9,0.502,0.312,0.258,1.8,11.1,6.5,20.3,1.6,0.6,13.7,18.4,0.0,1,1.7,2.7,0.059,0.0,-1.1,0.2,-0.9,0.6
"149","Evan Fournier","SF",23,"ORL",79,2566,14.6,0.587,0.42,0.256,1.4,8.4,4.9,12.8,1.9,0.1,11.4,20.1,0.0,4,1.7,5.7,0.106,0.0,2.1,-1.5,0.7,1.7
"150","Randy Foye","SG",32,"DEN",54,1070,7.8,0.457,0.508,0.141,1.6,9.4,5.4,15.6,1.2,1.2,14.1,16.8,0.0,-0.5,0.4,0,-0.002,0.0,-2.5,-1.6,-4.1,-0.6
"151","Randy Foye","SG",32,"OKC",27,572,7.1,0.469,0.544,0.181,1.6,7.8,4.9,11.3,1.1,1.7,14.8,14.1,0.0,0,0.4,0.4,0.038,0.0,-1.9,-0.6,-2.5,-0.1
"152","Tim Frazier","PG",25,"POR",35,272,4.7,0.383,0.283,0.25,4.4,11.2,7.8,21.3,1.8,0.3,28.8,15,0.0,-0.5,0.2,-0.3,-0.051,0.0,-5.7,-0.6,-6.3,-0.3
"153","Tim Frazier","PG",25,"NOP",16,469,19.1,0.539,0.183,0.349,3.4,13.7,8.4,40.3,2.4,0.2,16.3,22,0.0,0.9,0.3,1.2,0.128,0.0,2.2,-0.7,1.5,0.4
"154","Jimmer Fredette","SG",26,"NOP",4,13,-1.6,0.25,0.25,0,0,0,0,10.7,3.8,0,20,17,0.0,-0.1,0,-0.1,-0.198,0.0,-10.6,-3.1,-13.8,0
"155","Jimmer Fredette","SG",26,"NYK",2,5,47.4,1.094,1,5,0,0,0,0,0,0,23.8,38,0.0,0.1,0,0.1,0.514,0.0,19.5,-10.7,8.8,0
"156","Channing Frye","PF",32,"ORL",44,754,11.8,0.586,0.651,0.113,3.3,17.6,10.4,8.4,1.4,2.2,13.3,13.2,0.0,0.8,0.8,1.5,0.097,0.0,-0.3,0.4,0.1,0.4
"157","Channing Frye","C",32,"CLE",26,446,14.9,0.586,0.708,0.087,3.1,20.4,11.8,9.1,0.9,1.5,7.2,18.3,0.0,0.9,0.6,1.5,0.157,0.0,1.9,-0.8,1.1,0.3
"158","Danilo Gallinari","SF",27,"DEN",53,1839,19,0.582,0.341,0.617,3.1,14,8.5,11.8,1.1,0.8,8,23,0.0,5.4,0.9,6.3,0.165,0.0,2.9,-1.8,1.2,1.5
"159","Langston Galloway","PG",24,"NYK",82,2033,11.7,0.49,0.381,0.194,2.3,13,7.7,15.7,1.9,0.8,8.7,15.6,0.0,1.4,1.8,3.3,0.077,0.0,-0.4,0.1,-0.4,0.8
"160","Kevin Garnett","PF",39,"MIN",38,556,12.3,0.491,0.009,0.183,3.2,27.9,15.7,16.4,2.5,1.5,11.4,11.3,0.0,0.4,0.7,1.1,0.092,0.0,-2.5,2.5,0,0.3
"161","Marc Gasol","C",31,"MEM",52,1791,17.7,0.528,0.004,0.347,3.5,20.2,11.5,18.9,1.4,3.6,12.7,23.4,0.0,1.8,1.9,3.7,0.098,0.0,-0.7,1.7,1,1.3
"162","Pau Gasol","C",35,"CHI",72,2291,21.7,0.529,0.069,0.29,7.3,28.7,18.2,21.7,0.9,4.7,12.8,24.6,0.0,3.2,3.9,7.1,0.149,0.0,0.5,3.5,4,3.5
"163","Rudy Gay","SF",29,"SAC",70,2379,15.5,0.538,0.214,0.252,4.7,15.9,10.4,8,2,1.7,11.1,22.4,0.0,1.8,2.1,3.8,0.078,0.0,-0.4,0.1,-0.4,1
"164","Alonzo Gee","SF",28,"NOP",73,1632,8.4,0.572,0.235,0.259,3.9,13,8.3,6.2,1.9,0.7,16.2,9.2,0.0,1,0.9,1.9,0.056,0.0,-1.8,1,-0.8,0.5
"165","Paul George","SF",25,"IND",81,2819,20.9,0.557,0.391,0.364,3.1,18.7,10.9,20.3,2.7,0.8,13.6,30.4,0.0,4.4,4.8,9.2,0.157,0.0,3.5,1,4.5,4.6
"166","Taj Gibson","PF",30,"CHI",73,1936,15.7,0.556,0.006,0.292,11.4,15.9,13.7,8.3,1.2,2.9,12.1,14.6,0.0,3.2,2.2,5.4,0.133,0.0,-0.1,1.7,1.6,1.7
"167","Manu Ginobili","SG",38,"SAS",58,1134,17.8,0.573,0.411,0.257,2.7,11.7,7.3,23.6,3,0.8,17,23.6,0.0,1.5,2.3,3.8,0.16,0.0,2.3,1.3,3.6,1.6
"168","Rudy Gobert","C",23,"UTA",61,1932,17.5,0.582,0,0.799,12.6,27.7,20.2,7.4,1.2,5.9,19.2,14.2,0.0,2.6,3.8,6.4,0.16,0.0,-1.1,4.8,3.7,2.8
"169","Drew Gooden","PF",34,"WAS",30,305,7.5,0.376,0.398,0.136,10.1,21.3,15.6,6,1.3,2.9,10.6,17.5,0.0,-0.4,0.4,0,-0.005,0.0,-5.1,0.1,-5,-0.2
"170","Archie Goodwin","PG",21,"PHO",57,1114,11.1,0.498,0.235,0.457,2.6,11.5,6.9,17.2,1.2,1,16.5,23.2,0.0,-0.4,0.5,0.1,0.004,0.0,-2.9,-1.7,-4.6,-0.7
"171","Aaron Gordon","PF",20,"ORL",78,1863,17,0.541,0.245,0.333,9,21.3,15.1,10.3,1.6,2.4,9,17.3,0.0,3.2,2.2,5.4,0.139,0.0,0.6,1.2,1.8,1.8
"172","Eric Gordon","SG",27,"NOP",45,1481,13.5,0.565,0.533,0.226,0.7,6.9,3.7,12.7,1.4,0.8,10.7,20.3,0.0,1.7,0.4,2.1,0.069,0.0,1.6,-2.2,-0.6,0.5
"173","Marcin Gortat","C",31,"WAS",75,2256,19,0.592,0.001,0.271,10.8,26.3,18.4,7.5,1,3.4,12.4,18.9,0.0,4.2,3.1,7.3,0.156,0.0,-0.5,1.7,1.2,1.8
"174","Andrew Goudelock","PG",27,"HOU",8,50,12.4,0.506,0.45,0.2,2.2,2.2,2.2,13.3,5.9,3.3,24.3,24.8,0.0,-0.1,0.1,0,-0.033,0.0,-4.1,0.6,-3.6,0
"175","Jerami Grant","SF",21,"PHI",77,2066,12.6,0.506,0.244,0.538,5,14.3,9.5,10.4,1.3,4.7,12.9,18,0.0,0.5,1.6,2.1,0.05,0.0,-2.6,1.3,-1.3,0.4
"176","Jerian Grant","PG",23,"NYK",76,1265,11.2,0.479,0.256,0.315,2,10.2,6.2,21.8,2,0.6,16.3,19,0.0,-0.2,1,0.8,0.03,0.0,-2.3,-1.1,-3.4,-0.5
"177","Danny Green","SG",28,"SAS",79,2062,10.5,0.492,0.622,0.082,2.7,13.6,8.4,9.3,2,2.4,11.4,14.6,0.0,0.2,4.1,4.2,0.099,0.0,-0.2,3,2.7,2.5
"178","Draymond Green","PF",25,"GSW",81,2808,19.3,0.587,0.315,0.402,5.5,23,14.7,29,2,3,21.2,18.8,0.0,6,5.1,11.1,0.19,0.0,2,3.9,5.8,5.5
"179","Erick Green","PG",24,"DEN",3,7,0.9,0,1,0,0,16.1,7.9,18.3,0,0,0,6.2,0.0,0,0,0,-0.082,0.0,-7.2,-1.9,-9.1,0
"180","Erick Green","PG",24,"UTA",6,35,14.7,0.505,0.333,0.167,10.1,6.7,8.3,9.6,1.5,0,0,17,0.0,0.1,0,0.1,0.162,0.0,1.6,-2.2,-0.6,0
"181","Gerald Green","SG",30,"MIA",69,1557,10.1,0.491,0.443,0.157,1.9,9.7,5.9,5.6,1.3,0.9,6.8,19.8,0.0,0.3,1.4,1.7,0.052,0.0,-1.2,-1.8,-3,-0.4
"182","JaMychal Green","PF",25,"MEM",78,1446,14.6,0.52,0.091,0.277,10.5,19.3,14.7,7.7,1.6,2.1,13,19.8,0.0,1.2,1.4,2.6,0.086,0.0,-1.6,-0.3,-1.9,0
"183","Jeff Green","SF",29,"MEM",53,1544,13.4,0.517,0.244,0.278,3.9,14.4,8.9,10.5,1.3,1.1,9.9,20.2,0.0,1.2,1,2.2,0.067,0.0,-0.6,-1.1,-1.7,0.1
"184","Jeff Green","SF",29,"LAC",27,709,12,0.496,0.288,0.243,3,10.9,7,8.9,1.3,2.3,7.5,20.4,0.0,0.1,0.8,0.9,0.061,0.0,-1.8,0.1,-1.7,0.1
"185","Blake Griffin","PF",26,"LAC",35,1170,22.1,0.544,0.03,0.322,4.8,22.3,13.7,27.2,1.2,1.1,10.8,29.8,0.0,2.2,1.6,3.8,0.156,0.0,1.7,1.6,3.3,1.6
"186","Jorge Gutierrez","PG",27,"CHO",12,63,19.1,0.694,0.182,1,0,12.3,6.1,40.3,2.4,0,27.5,15.6,0.0,0.2,0.1,0.3,0.201,0.0,-0.8,-2.4,-3.2,0
"187","P.J. Hairston","SF",23,"CHO",48,938,7.4,0.486,0.623,0.152,2.1,13,7.5,4.7,1.3,0.6,7.5,15.3,0.0,-0.1,1,0.9,0.044,0.0,-2.2,-1,-3.2,-0.3
"188","P.J. Hairston","SF",23,"MEM",18,375,5.7,0.438,0.523,0.167,2,12.4,7,3.8,1.1,1,10.7,19,0.0,-0.5,0.2,-0.3,-0.039,0.0,-3.9,-2.7,-6.7,-0.4
"189","Jordan Hamilton","SF",25,"NOP",11,304,12.4,0.499,0.388,0.181,4.2,18.9,11.3,12.9,1.3,0.8,12,20.7,0.0,0,0.2,0.2,0.03,0.0,-1.2,-1,-2.2,0
"190","Tyler Hansbrough","PF",30,"CHO",44,343,12.5,0.522,0.042,0.915,12.6,15.8,14.2,3.5,1.8,1.7,10.8,14.7,0.0,0.5,0.5,1,0.134,0.0,-2.6,-0.1,-2.7,-0.1
"191","Tim Hardaway","SG",23,"ATL",51,864,11.7,0.563,0.536,0.211,0.9,9.8,5.4,8.9,1.2,0.6,7.4,16.2,0.0,0.9,1,1.9,0.105,0.0,-0.9,-1.2,-2.1,0
"192","James Harden","SG",26,"HOU",82,3125,25.3,0.598,0.406,0.518,2.2,15.6,8.8,35.4,2.2,1.4,15.9,32.5,0.0,10.7,2.6,13.3,0.204,0.0,7.1,-0.4,6.7,6.9
"193","Maurice Harkless","SF",22,"POR",78,1457,13.3,0.541,0.341,0.27,7.5,13.3,10.4,6.9,1.7,1.9,11.9,15.6,0.0,1.6,1.3,2.9,0.096,0.0,-0.4,0.2,-0.2,0.7
"194","Justin Harper","PF",26,"DET",5,35,6.9,0.597,0.9,0.2,0,3.2,1.6,0,1.4,0,15.5,16,0.0,0,0,0,0.039,0.0,-1.3,-3.3,-4.6,0
"195","Montrezl Harrell","PF",22,"HOU",39,379,14.6,0.635,0.011,0.511,7.2,11.7,9.5,7.2,1.4,2.4,13.4,14.5,0.0,0.7,0.2,0.9,0.118,0.0,-1.2,-0.7,-1.9,0
"196","Devin Harris","PG",32,"DAL",64,1280,13.1,0.559,0.422,0.374,1.5,10.3,5.9,14.5,2.4,0.8,13.2,17.9,0.0,1.2,1.3,2.5,0.095,0.0,-0.1,0.4,0.3,0.7
"197","Gary Harris","SG",21,"DEN",76,2439,12.7,0.566,0.388,0.174,2.4,7.7,5,9.5,2,0.6,10.6,16.5,0.0,2.8,1.2,4,0.079,0.0,0.9,-0.7,0.2,1.3
"198","Joe Harris","SG",24,"CLE",5,15,3.4,0.375,1,0,0,22.5,11.3,18.2,0,0,20,15.1,0.0,0,0,0,-0.032,0.0,-5,-1.6,-6.6,0
"199","Tobias Harris","PF",23,"ORL",49,1610,15,0.55,0.279,0.283,4.8,18.9,11.8,9.3,1.5,1.4,11.4,18.9,0.0,1.7,1.6,3.3,0.099,0.0,-0.1,0.4,0.3,0.9
"200","Tobias Harris","PF",23,"DET",27,903,18.2,0.577,0.253,0.259,2.9,18,10.2,12.9,1,1,7.2,20.2,0.0,2.3,0.9,3.3,0.174,0.0,1.9,0.4,2.3,1
"201","Aaron Harrison","SG",21,"CHO",21,93,4.3,0.371,0.526,0.632,4.7,13.1,8.8,3,3.2,0,14.1,13.7,0.0,-0.2,0.1,0,-0.014,0.0,-5.6,0.1,-5.5,-0.1
"202","Udonis Haslem","PF",35,"MIA",37,260,9.1,0.434,0.148,0.262,4.5,27.4,16.3,7.6,1,0.6,6.8,12.8,0.0,0,0.4,0.4,0.072,0.0,-4.6,0.1,-4.5,-0.2
"203","Spencer Hawes","PF",27,"CHO",57,1035,12.4,0.508,0.333,0.212,5.3,20.6,12.9,16.3,1.1,2.1,14.8,17.1,0.0,0.6,1.4,1.9,0.09,0.0,-1.9,1.3,-0.6,0.4
"204","Chuck Hayes","C",32,"HOU",2,24,1.6,0.694,0,1,0,37,18.4,11.3,0,0,51,10.5,0.0,0,0,0,-0.016,0.0,-8.9,-0.6,-9.4,0
"205","Gordon Hayward","SF",25,"UTA",80,2893,18.3,0.559,0.341,0.397,2.5,13.5,8,18.2,1.7,0.8,12.5,25.7,0.0,5.5,3.4,8.9,0.147,0.0,2.6,-0.1,2.5,3.3
"206","Gerald Henderson","SG",28,"POR",72,1431,12.9,0.526,0.257,0.276,2.3,13.7,8,8.2,1.4,1,10.3,20.2,0.0,1,1,2,0.068,0.0,-1.9,-1.4,-3.3,-0.5
"207","John Henson","C",25,"MIL",57,960,18.6,0.58,0.003,0.402,10.4,15.8,13.2,9,1,9.7,15.7,19.1,0.0,1.2,1.1,2.3,0.117,0.0,-1.5,3.1,1.6,0.9
"208","Mario Hezonja","SF",20,"ORL",79,1413,9.4,0.541,0.459,0.129,2.2,11.8,6.9,11.2,1.4,1,18,16.9,0.0,-0.1,1,0.9,0.029,0.0,-1.9,-0.9,-2.8,-0.3
"209","Roy Hibbert","C",29,"LAL",81,1878,11.2,0.507,0.005,0.353,7.3,15.8,11.4,8,0.9,4.6,13.8,12.9,0.0,1.1,1,2.2,0.056,0.0,-3.1,1.9,-1.3,0.3
"210","J.J. Hickson","C",27,"DEN",20,305,15.8,0.508,0,0.541,7.9,24,15.8,8.7,1.6,3.2,10.6,21.6,0.0,0.1,0.4,0.5,0.077,0.0,-3.2,0.2,-3,-0.1
"211","J.J. Hickson","C",27,"WAS",15,131,18.9,0.528,0.022,0.957,14.2,24.4,19.2,8.5,1.9,1.2,12.1,24.8,0.0,0.1,0.2,0.3,0.114,0.0,-2.1,-0.9,-3,0
"212","Nene Hilario","PF",33,"WAS",57,1094,16.8,0.564,0.008,0.482,5.2,21.6,13.2,14.1,2.4,1.9,14,21.6,0.0,1.1,1.6,2.7,0.12,0.0,-1.6,1.8,0.2,0.6
"213","George Hill","PG",29,"IND",74,2524,13.2,0.555,0.425,0.203,2.5,10.3,6.5,15.5,1.6,0.5,11.1,15.8,0.0,3.4,2.8,6.2,0.118,0.0,1.1,0.5,1.5,2.2
"214","Jordan Hill","C",28,"IND",73,1513,16.4,0.534,0.002,0.228,11.3,21.2,16.3,9.5,1.2,2,13.2,20.3,0.0,1.6,2.3,3.9,0.124,0.0,-1.7,0.9,-0.7,0.5
"215","Solomon Hill","SF",24,"IND",59,866,12.2,0.543,0.356,0.202,4.9,15.9,10.5,9.6,2.1,1,12.7,13.2,0.0,0.8,1.3,2.1,0.117,0.0,-1.3,1.3,0,0.4
"216","Darrun Hilliard","SG",22,"DET",38,383,10.7,0.511,0.382,0.305,1.4,11.9,6.4,10.9,1.2,0.2,11.3,19.1,0.0,0.2,0.3,0.5,0.066,0.0,-2,-1.6,-3.6,-0.2
"217","Kirk Hinrich","PG",35,"CHI",35,555,7.3,0.528,0.475,0.136,1.4,9.5,5.5,15,1.2,0.1,17.8,12,0.0,0.2,0.4,0.6,0.048,0.0,-2.2,-1.3,-3.5,-0.2
"218","Kirk Hinrich","PG",35,"ATL",11,76,6.2,0.227,0.545,0,1.5,15.4,8.6,23.8,1.3,1,21.4,8.2,0.0,-0.1,0.1,0,0.019,0.0,-6.6,0.9,-5.7,-0.1
"219","Jrue Holiday","PG",25,"NOP",65,1831,19.7,0.529,0.277,0.231,1.6,10.5,5.9,37.3,2.4,1,14,28.9,0.0,2.2,1.2,3.4,0.089,0.0,3.1,-1.3,1.7,1.7
"220","Justin Holiday","SG",26,"ATL",26,263,4.7,0.407,0.616,0.137,1.7,9.3,5.6,5.9,2.4,1.2,14.4,15.4,0.0,-0.5,0.4,-0.1,-0.021,0.0,-5.4,0.3,-5.1,-0.2
"221","Justin Holiday","SG",26,"CHI",27,510,11.8,0.527,0.387,0.174,1.7,11.1,6.5,13.2,1.9,2.1,13.5,16.6,0.0,0.2,0.5,0.8,0.072,0.0,-1.4,0.2,-1.1,0.1
"222","Ryan Hollins","C",31,"WAS",5,48,7.2,0.571,0,0,16,9.5,12.8,0,0,1.7,30,9.1,0.0,0,0,0,0.04,0.0,-4.5,-3.1,-7.6,-0.1
"223","Ryan Hollins","C",31,"MEM",32,412,12.9,0.641,0,0.583,10.6,13.6,12,3.7,0.7,4.5,18.8,12.1,0.0,0.6,0.3,0.9,0.107,0.0,-1.7,0.5,-1.2,0.1
"224","Rondae Hollis-Jefferson","SF",21,"BRK",29,615,14.2,0.519,0.101,0.377,7,21.4,14.1,10.1,3.2,2.1,13.9,13.5,0.0,0.5,0.7,1.2,0.094,0.0,-1.4,2.6,1.2,0.5
"225","Richaun Holmes","PF",22,"PHI",51,702,15.9,0.564,0.198,0.333,9.3,11.7,10.5,8,1.3,4.3,11.2,17.9,0.0,1,0.5,1.5,0.103,0.0,-1,0,-0.9,0.2
"226","Rodney Hood","SG",23,"UTA",79,2541,14.1,0.542,0.462,0.206,1.8,10.5,6.1,14.4,1.5,0.5,10.5,21.5,0.0,3.4,2.5,6,0.112,0.0,1.6,-0.9,0.7,1.7
"227","Al Horford","C",29,"ATL",82,2631,19.4,0.565,0.244,0.123,6.3,18.2,12.4,16.7,1.3,3.6,8.8,20.6,0.0,4.9,4.5,9.4,0.172,0.0,1.5,2.6,4.1,4.1
"228","Dwight Howard","C",30,"HOU",71,2280,18.9,0.604,0.01,0.79,11.4,29.1,20.2,7,1.5,4.1,17,18.4,0.0,3.5,3.1,6.6,0.138,0.0,-1.1,1.8,0.6,1.5
"229","Marcelo Huertas","PG",32,"LAL",53,869,10.4,0.488,0.265,0.126,2.2,9.2,5.6,33.9,1.5,0.6,24.8,16.3,0.0,-0.2,0.1,-0.1,-0.006,0.0,-3.1,-2.9,-6,-0.9
"230","Josh Huestis","PF",24,"OKC",5,55,6.7,0.509,0.5,0.333,4.2,15,9.9,0,0.9,2.8,17.9,13,0.0,0,0.1,0,0.01,0.0,-4.9,-2.5,-7.4,-0.1
"231","Kris Humphries","PF",30,"WAS",28,466,11.8,0.524,0.424,0.196,6.1,21.8,13.8,5,0.3,2.4,10.4,18,0.0,0.3,0.5,0.7,0.073,0.0,-2.6,-1.3,-3.8,-0.2
"232","Kris Humphries","PF",30,"PHO",4,74,13.5,0.367,0.278,0.222,15.8,31.5,23.5,14.8,2,2.2,9.2,25,0.0,-0.1,0.1,0,0.012,0.0,-3.1,0.6,-2.4,0
"233","Kris Humphries","PF",30,"ATL",21,295,14.9,0.555,0.307,0.446,7.6,18.5,13.1,6.9,1.7,1.9,10.4,20.4,0.0,0.4,0.5,0.9,0.143,0.0,-1.5,-0.1,-1.6,0
"234","R.J. Hunter","SG",22,"BOS",36,315,7.7,0.48,0.643,0.071,0.7,12,6.2,5.9,2.2,1,9.8,15.1,0.0,-0.1,0.4,0.3,0.045,0.0,-3.1,-0.4,-3.5,-0.1
"235","Serge Ibaka","PF",26,"OKC",78,2500,13.9,0.533,0.212,0.139,6.5,16.2,11.6,3.9,0.8,4.5,10.5,17.6,0.0,2.5,3,5.5,0.105,0.0,-1.1,1,-0.1,1.2
"236","Andre Iguodala","SF",32,"GSW",65,1732,12.2,0.565,0.418,0.226,3.4,12.4,8.2,16.3,2,0.8,16.3,12.1,0.0,2.3,2.1,4.4,0.122,0.0,0.3,1.3,1.6,1.6
"237","Ersan Ilyasova","PF",28,"DET",52,1434,14.1,0.53,0.423,0.215,7.3,14.5,10.7,6.1,1.3,1.4,9.6,18.7,0.0,1.8,1.5,3.3,0.111,0.0,0.6,0.1,0.7,1
"238","Ersan Ilyasova","PF",28,"ORL",22,447,14.7,0.515,0.288,0.294,11,19.1,15,4,1.6,1.1,6.5,18.3,0.0,0.6,0.5,1.1,0.117,0.0,-0.5,-1.6,-2.1,0
"239","Joe Ingles","SF",28,"UTA",81,1241,10.3,0.572,0.722,0.062,1.8,12.4,7.1,12.1,2.3,0.3,17.9,13.5,0.0,0.7,1.6,2.3,0.089,0.0,-0.3,0.4,0.1,0.7
"240","Damien Inglis","SF",20,"MIL",20,156,6.7,0.444,0.351,0.216,1.5,21.1,11.4,9,2,1.6,21.4,14.9,0.0,-0.2,0.2,-0.1,-0.024,0.0,-6.1,-0.3,-6.4,-0.2
"241","Kyrie Irving","PG",23,"CLE",53,1667,19.9,0.54,0.298,0.217,3,7.6,5.3,26.6,1.7,0.9,11.4,29.5,0.0,3.2,1.7,5,0.143,0.0,3,-1.4,1.6,1.5
"242","Jarrett Jack","PG",32,"BRK",32,1027,14.5,0.505,0.285,0.313,1,14.1,7.4,35,1.7,0.6,18.8,21.7,0.0,0.5,0.4,0.9,0.043,0.0,0,-1.4,-1.4,0.2
"243","Reggie Jackson","PG",25,"DET",79,2424,19.6,0.535,0.268,0.271,2.5,9.1,5.7,36.3,1.2,0.3,13.8,29.1,0.0,4.9,1.9,6.9,0.136,0.0,3.9,-1.6,2.3,2.6
"244","LeBron James","SF",31,"CLE",76,2709,27.5,0.588,0.199,0.347,4.7,18.8,11.8,36,2,1.5,13.2,31.4,0.0,9.6,4,13.6,0.242,0.0,6.9,2.3,9.1,7.6
"245","Al Jefferson","C",31,"CHO",47,1096,18.2,0.507,0,0.22,5.6,24.6,15,11.8,1.4,3,5.8,24.2,0.0,1,1.8,2.8,0.123,0.0,-2.3,1.2,-1.1,0.2
"246","Cory Jefferson","PF",25,"PHO",8,50,12.7,0.446,0.045,0.273,12.7,22.2,17.4,0,0,1.6,0,21,0.0,0,0,0.1,0.07,0.0,-6.1,-7.7,-13.8,-0.1
"247","Richard Jefferson","SF",35,"CLE",74,1326,9.7,0.585,0.554,0.279,1.3,9.6,5.5,6.4,1.3,0.9,10.9,13.4,0.0,1.4,1.3,2.7,0.099,0.0,-0.5,-0.3,-0.8,0.4
"248","John Jenkins","SG",24,"DAL",21,193,7.2,0.466,0.271,0.129,2.3,10.2,6.3,7.6,0.8,0,12.9,20.1,0.0,-0.2,0.1,-0.1,-0.033,0.0,-5,-2.4,-7.4,-0.3
"249","John Jenkins","SG",24,"PHO",22,287,11.9,0.564,0.356,0.167,1.5,12,6.6,14.4,0.8,0.3,14.2,16.7,0.0,0.3,0.1,0.4,0.059,0.0,-1.6,-2.3,-4,-0.1
"250","Brandon Jennings","PG",26,"DET",23,416,13.1,0.491,0.538,0.266,1.3,11.2,6,25.7,1.3,0.4,12.1,19,0.0,0.4,0.4,0.8,0.094,0.0,0.3,-1.5,-1.1,0.1
"251","Brandon Jennings","PG",26,"ORL",25,452,14.3,0.49,0.484,0.248,2.7,9.7,6.1,32.4,2,0.9,16.4,20.9,0.0,0.3,0.4,0.7,0.071,0.0,0.4,-1.9,-1.6,0
"252","Jonas Jerebko","PF",28,"BOS",78,1176,10.3,0.531,0.378,0.273,6.8,19.4,13,7.4,0.8,1.6,14,13.5,0.0,0.9,1.5,2.4,0.097,0.0,-2.5,0.4,-2,0
"253","Amir Johnson","PF",28,"BOS",79,1800,16,0.602,0.101,0.284,10.3,19.6,14.9,11.4,1.4,3.6,16.4,13.6,0.0,3,2.9,5.9,0.158,0.0,-0.2,3.2,3,2.3
"254","Chris Johnson","SF",25,"UTA",70,857,8.2,0.482,0.51,0.216,3.7,14.3,9,8,2,2,15.8,13.6,0.0,-0.1,1.2,1.1,0.059,0.0,-2.7,1.3,-1.4,0.1
"255","James Johnson","PF",28,"TOR",57,926,11.4,0.532,0.275,0.283,3.5,11.9,7.8,11.4,1.6,2.9,16.7,15.9,0.0,0.3,1,1.3,0.068,0.0,-1.7,1,-0.6,0.3
"256","Joe Johnson","SF",34,"BRK",57,1934,10.7,0.512,0.377,0.178,1.9,11.2,6.5,18,1,0.1,15,17.8,0.0,0.6,0.2,0.7,0.018,0.0,-0.4,-1.7,-2.2,-0.1
"257","Joe Johnson","SF",34,"MIA",24,769,15.2,0.603,0.335,0.135,2.3,7.6,5,17.9,1.4,0.2,13.9,18.4,0.0,1.3,0.6,2,0.123,0.0,2,-1.3,0.8,0.5
"258","Orlando Johnson","SG",26,"PHO",2,47,10.1,0.407,0.294,0.353,6.8,14.2,10.4,0,2.1,5.2,4.8,18.7,0.0,0,0.1,0,0.026,0.0,-6.2,-2,-8.2,-0.1
"259","Orlando Johnson","SG",26,"NOP",5,54,-2.1,0.28,0.294,0.118,2,10.6,6.2,5.1,0.9,0,14.4,17.1,0.0,-0.2,0,-0.2,-0.185,0.0,-9.5,-2.8,-12.3,-0.1
"260","Stanley Johnson","SF",19,"DET",73,1687,8.7,0.46,0.342,0.17,3.6,16.7,9.9,10.8,1.6,0.5,15,19.6,0.0,-1.3,1.9,0.6,0.018,0.0,-3.1,0.5,-2.6,-0.2
"261","Tyler Johnson","SG",23,"MIA",36,863,13.8,0.579,0.292,0.263,3.8,10.3,7.2,13.9,1.4,1.2,14.8,16.8,0.0,1.2,0.9,2,0.113,0.0,0.4,0,0.4,0.5
"262","Wesley Johnson","SF",28,"LAC",80,1666,11,0.513,0.6,0.089,2.5,13.6,8.1,4.4,2.7,2.6,9.2,16,0.0,0,2.7,2.6,0.076,0.0,-1.3,1.8,0.5,1
"263","Nikola Jokic","C",20,"DEN",80,1733,21.5,0.582,0.14,0.317,11.4,24.7,17.9,18.1,2.3,2.3,13.2,19.9,0.0,4.5,2.2,6.7,0.185,0.0,2.6,2.2,4.8,3
"264","Dahntay Jones","SF",35,"CLE",1,42,10.3,0.464,0.143,0,2.7,10.7,6.7,7.3,1.2,3.9,0,15.1,0.0,0,0.1,0.1,0.096,0.0,-3.1,0.9,-2.2,0
"265","James Jones","SF",35,"CLE",48,463,11.6,0.58,0.732,0.183,2,10.2,6.1,4.5,1.2,1.8,7.8,16.2,0.0,0.7,0.5,1.2,0.12,0.0,0.3,-1.3,-1,0.1
"266","Terrence Jones","PF",24,"HOU",50,1044,13.5,0.519,0.215,0.316,6.5,15.9,11.1,6.3,1.1,3.1,10.5,19.3,0.0,0.8,0.7,1.5,0.068,0.0,-2.4,-1,-3.4,-0.4
"267","Tyus Jones","PG",19,"MIN",37,573,11.2,0.45,0.34,0.25,1.4,8,4.8,27.7,2.7,0.4,16,16.1,0.0,0,0.3,0.3,0.027,0.0,-1.7,-2,-3.7,-0.3
"268","DeAndre Jordan","C",27,"LAC",77,2598,20.6,0.628,0.002,1.219,11.4,32.7,22.2,5.3,1,5.4,12.1,15.4,0.0,6,5.5,11.5,0.213,0.0,-0.4,3.8,3.4,3.5
"269","Cory Joseph","SG",24,"TOR",80,2046,12.4,0.512,0.188,0.297,2.2,9.4,5.9,19.3,1.6,0.8,13.4,17,0.0,1.8,1.7,3.5,0.082,0.0,-0.6,-0.4,-1,0.5
"270","Chris Kaman","C",33,"POR",16,112,11.1,0.496,0.093,0.07,6.8,16.5,11.6,15.8,0.4,0.7,15.3,20.4,0.0,0,0.1,0.1,0.037,0.0,-3.3,-1.9,-5.1,-0.1
"271","Frank Kaminsky","C",22,"CHO",81,1708,12.5,0.513,0.385,0.282,4.4,17.2,10.7,9,1.1,2,8.9,17.1,0.0,1.2,2.1,3.3,0.093,0.0,-1.6,0.4,-1.2,0.3
"272","Enes Kanter","C",23,"OKC",82,1721,24,0.626,0.029,0.349,16.7,24.9,21,3.1,0.7,1.5,12.2,23.4,0.0,6,2.1,8.1,0.226,0.0,1.3,-3.1,-1.7,0.1
"273","Sergey Karasev","SF",22,"BRK",40,399,8.5,0.562,0.5,0.378,2.2,14.3,8.2,12.2,0.8,0.4,20.3,12.1,0.0,0.2,0.1,0.3,0.031,0.0,-2.4,-1.7,-4.2,-0.2
"274","Sasha Kaun","C",30,"CLE",25,95,12.5,0.527,0,0.647,14.4,16.5,15.5,4.5,2.2,4.3,24.3,13.7,0.0,0,0.2,0.2,0.096,0.0,-3.5,2.7,-0.8,0
"275","Ryan Kelly","PF",24,"LAL",36,470,10.3,0.44,0.248,0.362,4.6,23.7,13.8,6.9,1.4,1.7,9.4,17.9,0.0,-0.3,0.3,0.1,0.005,0.0,-4.9,-1.1,-6,-0.5
"276","Michael Kidd-Gilchrist","SF",22,"CHO",7,205,16.9,0.603,0.115,0.475,6.3,17.8,12,7.3,0.7,1.2,9.8,18,0.0,0.4,0.2,0.6,0.152,0.0,-0.7,-0.7,-1.4,0
"277","Sean Kilpatrick","SG",26,"DEN",8,82,8,0.551,0.81,0.381,2.7,5.5,4.1,5.4,1.2,0,14,15.2,0.0,0,0,0.1,0.037,0.0,-0.9,-3.4,-4.3,0
"278","Sean Kilpatrick","SG",26,"BRK",23,534,16.7,0.578,0.39,0.237,2.1,8.6,5.3,8.4,0.9,0.3,8.9,25.2,0.0,0.9,0,0.9,0.082,0.0,1.8,-4.5,-2.8,-0.1
"279","Brandon Knight","SG",24,"PHO",52,1870,14.7,0.522,0.392,0.204,2,9.9,5.9,24.4,1.6,0.9,15.4,26.2,0.0,0.7,0.9,1.7,0.043,0.0,1.2,-1.5,-0.3,0.8
"280","Kyle Korver","SG",34,"ATL",80,2401,9.7,0.578,0.644,0.088,0.7,10.9,5.9,9.9,1.2,1.1,13.3,13.7,0.0,1.2,2.9,4.1,0.081,0.0,-0.7,0.5,-0.2,1.1
"281","Kosta Koufos","C",26,"SAC",78,1482,15.1,0.54,0,0.234,12.4,18.4,15.4,3.3,1.3,3.8,8.9,15.4,0.0,2.1,1.4,3.5,0.113,0.0,-1.6,0.4,-1.2,0.3
"282","Jeremy Lamb","SG",23,"CHO",66,1227,15.9,0.529,0.355,0.173,3.9,18.7,11.2,10.9,1.7,2,8.4,22,0.0,1,1.8,2.7,0.107,0.0,-0.6,0.1,-0.5,0.4
"283","Carl Landry","PF",32,"PHI",36,569,22.4,0.605,0.052,0.364,9.1,19.2,14,11.1,1,1.2,7.1,24,0.0,1.8,0.3,2.1,0.176,0.0,1.5,-2.3,-0.7,0.2
"284","Shane Larkin","PG",23,"BRK",78,1751,13.3,0.515,0.215,0.213,1.8,9.9,5.8,29.3,2.7,0.6,21,17.7,0.0,0.5,1,1.4,0.039,0.0,-1.2,-1,-2.2,-0.1
"285","Joffrey Lauvergne","C",24,"DEN",59,1041,15.7,0.567,0.139,0.182,8.1,23.1,15.4,9.1,0.6,1.2,11.6,19.5,0.0,1.6,0.7,2.3,0.105,0.0,-0.9,-1.4,-2.3,-0.1
"286","Zach LaVine","SG",20,"MIN",82,2294,14.3,0.548,0.33,0.212,1.4,10.1,5.8,18.6,1.5,0.6,12.9,23.5,0.0,1.9,0.7,2.6,0.054,0.0,1,-2.4,-1.4,0.3
"287","Ty Lawson","PG",28,"HOU",53,1176,8.9,0.48,0.328,0.279,1.9,6.5,4.2,22.3,1.8,0.4,20.3,14.8,0.0,0,0.4,0.4,0.017,0.0,-2.9,-2.2,-5.1,-0.9
"288","Ty Lawson","PG",28,"IND",13,235,13.7,0.46,0.209,0.09,2.8,11.6,7.2,36.1,2.1,0.3,15.7,15.5,0.0,0.2,0.3,0.5,0.103,0.0,-1.5,-0.7,-2.2,0
"289","Courtney Lee","SG",30,"MEM",51,1489,11.7,0.556,0.329,0.22,1.4,7.9,4.5,8.1,1.8,1,9.6,15.3,0.0,1.5,0.8,2.2,0.072,0.0,-0.2,-0.7,-1,0.4
"290","Courtney Lee","SG",30,"CHO",28,845,11.2,0.54,0.359,0.118,1.3,10.1,5.6,10.9,2,1.2,9,13.6,0.0,0.7,1,1.6,0.093,0.0,-0.9,1,0.2,0.5
"291","David Lee","PF",32,"BOS",30,470,15.5,0.499,0.005,0.266,9.1,20.4,14.7,18.3,1.2,2.2,15.1,22.9,0.0,0.2,0.7,0.9,0.092,0.0,-2.5,1.2,-1.3,0.1
"292","David Lee","PF",32,"DAL",25,433,24,0.66,0,0.294,15.2,29.1,22.2,12.5,1.2,2.9,14.8,20,0.0,1.5,0.7,2.1,0.237,0.0,2.1,2.2,4.3,0.7
"293","Alex Len","C",22,"PHO",78,1821,12.4,0.482,0.011,0.383,10.4,25.4,17.7,8.5,1,2.8,16.6,20.4,0.0,-0.5,1.8,1.3,0.035,0.0,-4.4,0.7,-3.6,-0.7
"294","Kawhi Leonard","SF",24,"SAS",72,2380,26,0.616,0.267,0.306,4.7,18.4,11.8,13,2.8,2.3,7.8,25.8,0.0,8.3,5.5,13.7,0.277,0.0,5.5,2.8,8.3,6.2
"295","Meyers Leonard","PF",23,"POR",61,1333,11.3,0.561,0.524,0.106,4.1,21.4,12.8,10.6,0.3,1.1,14.5,17.4,0.0,1.2,1,2.2,0.078,0.0,-0.5,-1,-1.5,0.2
"296","Jon Leuer","PF",26,"PHO",67,1255,16.2,0.555,0.236,0.217,6.4,26.3,16.1,9.6,1.5,2,12.8,19.8,0.0,1.4,1.3,2.7,0.103,0.0,-1.3,0.3,-1,0.3
"297","Damian Lillard","PG",25,"POR",75,2676,22.2,0.56,0.414,0.315,1.8,10.4,6.1,33.6,1.2,0.8,12.6,31.3,0.0,7.7,1.4,9.2,0.165,0.0,5.9,-2.2,3.7,3.8
"298","Jeremy Lin","SG",27,"CHO",78,2048,13.8,0.534,0.31,0.401,2.2,11.4,6.8,18.6,1.4,1.7,14.9,22.2,0.0,1.3,2.3,3.5,0.082,0.0,-0.9,-0.2,-1.1,0.5
"299","Shaun Livingston","PG",30,"GSW",78,1520,13.8,0.581,0.032,0.245,3.2,8.5,6,21,1.8,1.3,15.7,14.2,0.0,2.9,1.7,4.6,0.145,0.0,-0.6,0.1,-0.5,0.6
"300","Kevon Looney","PF",19,"GSW",5,21,18.6,0.643,0.286,0,21.8,29.1,25.6,0,0,0,12.5,16.5,0.0,0.1,0,0.1,0.192,0.0,-1.2,-8.2,-9.5,0
"301","Brook Lopez","C",27,"BRK",73,2457,21.7,0.562,0.012,0.348,9.2,17.2,13.1,10.8,1.2,4.1,11.6,27.3,0.0,4.5,1.7,6.2,0.121,0.0,1.1,0.2,1.3,2.1
"302","Robin Lopez","C",27,"NYK",82,2219,17.6,0.574,0.002,0.243,13.4,16.2,14.8,8.5,0.4,4.4,15.4,17.7,0.0,3.7,2.1,5.8,0.126,0.0,0.1,1.3,1.4,1.9
"303","Kevin Love","PF",27,"CLE",77,2424,19,0.553,0.449,0.321,7,28.4,17.8,12.2,1.2,1.4,11.3,23.4,0.0,4.7,3.8,8.5,0.169,0.0,1.7,0.9,2.5,2.8
"304","Kyle Lowry","PG",29,"TOR",77,2851,22.2,0.578,0.457,0.41,2.2,12.3,7.3,29.9,2.9,1,13.7,26.1,0.0,8,3.7,11.6,0.196,0.0,6.2,0.6,6.8,6.3
"305","Trey Lyles","PF",20,"UTA",80,1382,11.6,0.517,0.294,0.188,5,20.2,12.6,7.1,1,1.1,12.1,17.9,0.0,0.6,1.7,2.3,0.079,0.0,-2.4,-0.4,-2.8,-0.3
"306","Shelvin Mack","PG",25,"ATL",24,179,15.4,0.464,0.284,0.126,1.2,11.9,6.7,36.9,2.2,0,12.3,28.5,0.0,-0.1,0.3,0.2,0.045,0.0,-1.3,-1.8,-3.1,0
"307","Shelvin Mack","PG",25,"UTA",28,879,13.2,0.52,0.306,0.153,1.5,12.6,7,29.3,1.6,0.3,19.2,22.2,0.0,0.2,0.9,1.2,0.064,0.0,-0.3,-0.5,-0.8,0.3
"308","Ian Mahinmi","C",29,"IND",71,1816,16.6,0.603,0,0.502,8.3,22.1,15.3,8.9,1.8,3.3,15.5,15.7,0.0,2.9,3.3,6.2,0.163,0.0,-0.9,3.3,2.4,2
"309","Devyn Marble","SG",23,"ORL",28,249,5.2,0.368,0.451,0.338,2.6,14.4,8.5,6.6,2.6,0.3,7.9,15.7,0.0,-0.4,0.3,-0.1,-0.026,0.0,-4.8,-0.6,-5.5,-0.2
"310","Boban Marjanovic","C",27,"SAS",54,508,27.7,0.662,0,0.655,16.9,26.2,21.7,6.6,1.2,3.5,11.5,22.8,0.0,2.3,1.2,3.4,0.325,0.0,2.7,0.9,3.6,0.7
"311","Kendall Marshall","PG",24,"PHI",30,400,6.7,0.449,0.415,0.11,0.5,7.3,3.8,28.4,2,0.4,25.8,18.3,0.0,-0.7,0.1,-0.5,-0.064,0.0,-5.5,-3.3,-8.8,-0.7
"312","Jarell Martin","PF",21,"MEM",27,380,14,0.534,0.017,0.534,11.2,14.7,12.9,6.4,1.1,1.7,11.7,19.2,0.0,0.5,0.2,0.8,0.1,0.0,-1.6,-1.6,-3.2,-0.1
"313","Kevin Martin","SG",32,"MIN",39,834,11.9,0.523,0.308,0.425,1.4,9.8,5.6,8.8,1,0.1,9.4,23.5,0.0,0.7,0.1,0.8,0.045,0.0,-1.2,-4,-5.2,-0.7
"314","Kevin Martin","SG",32,"SAS",16,261,10.1,0.504,0.388,0.353,1.8,10.6,6.3,6.4,1.8,0.6,11.7,19.5,0.0,0,0.4,0.4,0.082,0.0,-2.2,-0.2,-2.4,0
"315","Wesley Matthews","SG",29,"DAL",78,2644,10.9,0.532,0.615,0.171,1.1,8.8,4.9,8.9,1.5,0.5,7.8,17.2,0.0,1.9,1.8,3.7,0.067,0.0,0.8,-0.3,0.5,1.6
"316","O.J. Mayo","SG",28,"MIL",41,1090,7.7,0.474,0.505,0.125,1.4,9.6,5.5,15.8,2.2,0.6,17.5,17,0.0,-0.7,0.6,-0.1,-0.005,0.0,-2,-1.5,-3.5,-0.4
"317","Luc Mbah a Moute","PF",29,"LAC",75,1274,7.3,0.498,0.193,0.275,5.2,9.4,7.3,3.3,1.7,1.2,12.8,9.4,0.0,0.2,1.3,1.6,0.059,0.0,-3,1.5,-1.6,0.1
"318","James Michael McAdoo","PF",23,"GSW",41,262,15.9,0.554,0.024,0.583,13.1,10.9,11.9,9.2,1.8,2.2,13.2,20.1,0.0,0.5,0.3,0.8,0.146,0.0,-0.9,-0.3,-1.1,0.1
"319","Ray McCallum","PG",24,"SAS",31,256,10.3,0.476,0.239,0.149,2.8,10.8,6.9,17.7,1,1.2,13.3,14.7,0.0,0.1,0.4,0.5,0.092,0.0,-2.4,0.4,-2,0
"320","Ray McCallum","PG",24,"MEM",10,219,7.7,0.425,0.329,0.063,1,7.6,4.2,19.5,1.6,1.3,13.8,19.3,0.0,-0.3,0.1,-0.2,-0.033,0.0,-3.5,-2.2,-5.7,-0.2
"321","C.J. McCollum","SG",24,"POR",80,2780,17.7,0.544,0.33,0.158,1.8,8.3,5,21.6,1.7,0.6,11.4,27.1,0.0,4.4,1.7,6,0.104,0.0,2.5,-2,0.4,1.7
"322","T.J. McConnell","PG",23,"PHI",81,1606,14.5,0.511,0.192,0.088,2.8,14.5,8.5,37.2,2.9,0.5,22.5,17,0.0,0.6,1.4,1.9,0.058,0.0,-1.7,-0.4,-2.1,0
"323","Chris McCullough","PF",20,"BRK",24,362,12.2,0.47,0.312,0.211,7.6,13.6,10.5,3.7,3.9,2.7,11.2,16.5,0.0,-0.1,0.4,0.3,0.043,0.0,-2.1,1.1,-1,0.1
"324","K.J. McDaniels","SF",22,"HOU",37,235,10.6,0.522,0.347,0.417,7.5,12.3,9.9,6.5,1.5,2.1,16.6,18.7,0.0,0.1,0.1,0.2,0.043,0.0,-3.1,-1.9,-5,-0.2
"325","Doug McDermott","SF",24,"CHI",81,1861,10.9,0.561,0.402,0.13,2.1,8.8,5.5,5,0.4,0.2,7.2,17.3,0.0,2.1,0.7,2.8,0.073,0.0,-0.3,-2.8,-3.1,-0.5
"326","Mitch McGary","PF",23,"OKC",20,72,7.4,0.474,0.174,0.435,6.4,20.1,13.6,6,0.7,2.1,20.3,20.4,0.0,-0.1,0.1,0,-0.018,0.0,-6.2,-1.5,-7.7,-0.1
"327","JaVale McGee","C",28,"DAL",34,370,19.9,0.574,0.007,0.269,15.8,23.7,19.7,1.5,0.7,5.9,12.3,21.1,0.0,0.6,0.5,1.1,0.146,0.0,-2.9,-0.6,-3.5,-0.1
"328","Ben McLemore","SG",22,"SAC",68,1443,8.6,0.531,0.407,0.226,2.6,8.5,5.6,7.9,1.7,0.6,16.5,17.6,0.0,-0.4,0.7,0.3,0.01,0.0,-2,-1.2,-3.2,-0.4
"329","Jordan McRae","PG",24,"PHO",7,82,14.2,0.567,0.423,0.577,2.6,8.1,5.3,19.1,1.8,0,15.5,20,0.0,0.1,0,0.2,0.096,0.0,-0.1,-2.9,-3,0
"330","Jordan McRae","PG",24,"CLE",15,113,14.2,0.537,0.212,0.25,2,9.9,6,22.3,0,0.7,13.5,26.7,0.0,0.1,0.1,0.2,0.081,0.0,-1.5,-3.6,-5.2,-0.1
"331","Josh McRoberts","PF",28,"MIA",42,595,9.9,0.453,0.331,0.27,4.3,15.3,10,19.4,1.6,0.9,15.3,15,0.0,0.1,0.7,0.8,0.064,0.0,-1.9,0.6,-1.4,0.1
"332","Jodie Meeks","SG",28,"DET",3,43,13.5,0.506,0.45,0.2,2.4,10.6,6.3,11.3,0,0,4.4,23.1,0.0,0.1,0,0.1,0.107,0.0,0.1,-4.2,-4.1,0
"333","Salah Mejri","C",29,"DAL",34,397,16.8,0.636,0.013,0.59,11.4,22.6,17,3.9,1,7.6,19,14,0.0,0.6,0.7,1.3,0.156,0.0,-2.6,3.7,1.1,0.3
"334","Jordan Mickey","PF",21,"BOS",16,57,15.3,0.398,0,0.455,11,13.3,12.1,2.6,0,15.1,3.6,20.5,0.0,0,0.1,0.1,0.068,0.0,-7.3,4.1,-3.2,0
"335","Khris Middleton","SG",24,"MIL",79,2852,16.8,0.56,0.316,0.273,1.8,10.2,6,18.9,2.3,0.6,12.3,23,0.0,4.3,1.8,6.1,0.103,0.0,2.2,-1.6,0.6,1.9
"336","C.J. Miles","SF",28,"IND",64,1464,14,0.547,0.61,0.196,1.9,11.1,6.5,7,1.8,1.6,9.2,22.8,0.0,1.2,1.9,3.1,0.103,0.0,1,-1.2,-0.2,0.7
"337","Andre Miller","PG",39,"MIN",26,280,13.7,0.663,0.069,0.328,2.5,7.4,5,31.9,1.6,0,27.4,14.6,0.0,0.5,0.1,0.5,0.088,0.0,-0.8,-3.7,-4.5,-0.2
"338","Andre Miller","PG",39,"SAS",13,181,12.9,0.521,0.083,0.271,3.9,12.8,8.5,22.6,2,0,18.3,16.6,0.0,0.1,0.3,0.4,0.118,0.0,-1.5,1,-0.5,0.1
"339","Mike Miller","SF",35,"DEN",47,373,6.5,0.508,0.839,0,1.8,14.2,7.9,14.9,1.7,0.9,21.5,9.3,0.0,0.1,0.3,0.3,0.04,0.0,-2.5,-0.3,-2.7,-0.1
"340","Patrick Mills","PG",27,"SAS",81,1662,14.6,0.541,0.523,0.095,1.9,8.7,5.4,20.1,1.8,0.3,10.7,19.7,0.0,2.2,2.6,4.8,0.139,0.0,2.1,-0.4,1.7,1.6
"341","Elijah Millsap","SG",28,"UTA",20,173,6.5,0.384,0.308,0.462,4.1,19.5,11.8,16.2,2.1,1.5,16.1,14.9,0.0,-0.2,0.3,0.1,0.033,0.0,-4.6,1.8,-2.8,0
"342","Paul Millsap","PF",30,"ATL",81,2647,21.3,0.556,0.218,0.383,8.4,21.5,15.1,16.4,2.7,4.1,13.3,24.3,0.0,4.1,6,10.1,0.183,0.0,1.1,4.2,5.3,4.9
"343","Nikola Mirotic","PF",24,"CHI",66,1646,15.6,0.564,0.568,0.297,3.8,19.1,11.6,9.4,1.8,2,12.9,21.1,0.0,1.8,2.2,3.9,0.115,0.0,1.1,0.1,1.2,1.3
"344","Nazr Mohammed","C",38,"OKC",5,19,6,0.68,0,0.4,6.1,16.3,11.5,0,0,0,33.8,19.9,0.0,0,0,0,-0.009,0.0,-7.4,-5.9,-13.2,-0.1
"345","Greg Monroe","C",25,"MIL",79,2314,21.8,0.562,0.001,0.327,10.9,23.4,17.2,13.2,1.6,2.5,10.7,23.5,0.0,5,2.4,7.5,0.155,0.0,1.3,0.2,1.5,2.1
"346","Luis Montero","SG",22,"POR",12,42,-2.7,0.337,0.474,0.211,0,10.3,5.2,3.5,0,0,16.2,25.7,0.0,-0.2,0,-0.2,-0.238,0.0,-11,-5.9,-16.9,-0.2
"347","E'Twaun Moore","SG",26,"CHI",59,1263,11.4,0.548,0.267,0.09,1.6,9.3,5.5,12.1,1.5,1,11.6,15.9,0.0,0.9,1,1.8,0.07,0.0,-1.1,-0.7,-1.8,0.1
"348","Eric Moreland","PF",24,"SAC",8,48,7.4,0.515,0,0.667,6.8,17.9,12.4,2.7,0,6.7,27.9,9.5,0.0,0,0,0,0.012,0.0,-6.5,1.9,-4.5,0
"349","Marcus Morris","SF",26,"DET",80,2856,12.7,0.531,0.315,0.287,3.3,12.4,7.7,11,1.2,0.6,11.6,18.4,0.0,2.9,2.5,5.4,0.091,0.0,0.2,0.5,0.7,2
"350","Markieff Morris","PF",26,"PHO",37,917,10.8,0.456,0.176,0.213,5,18.3,11.5,16.1,1.8,1.5,16,26,0.0,-1.3,0.8,-0.5,-0.029,0.0,-3.8,0,-3.8,-0.4
"351","Markieff Morris","PF",26,"WAS",27,712,14,0.538,0.275,0.192,4.6,20.5,12.4,8.2,1.7,1.9,12.6,21.9,0.0,0.2,0.9,1.1,0.072,0.0,-1.8,0.2,-1.5,0.1
"352","Anthony Morrow","SG",30,"OKC",68,926,10.7,0.543,0.613,0.117,1.2,5.8,3.6,3.7,1.2,0.4,4.6,16.9,0.0,1.4,0.5,1.9,0.097,0.0,0.5,-3.2,-2.7,-0.2
"353","Donatas Motiejunas","PF",25,"HOU",37,547,11.3,0.504,0.278,0.259,7.4,14.6,11,12.2,1.5,0.8,16.2,21.4,0.0,0,0.3,0.3,0.026,0.0,-2.5,-1.9,-4.3,-0.3
"354","Timofey Mozgov","C",29,"CLE",76,1326,14.6,0.593,0.019,0.265,9.5,19.2,14.4,3.9,0.9,3.5,15,16.1,0.0,1.8,1.9,3.7,0.133,0.0,-2.2,1,-1.2,0.3
"355","Emmanuel Mudiay","PG",19,"DEN",68,2068,9.9,0.437,0.256,0.231,1.7,10.9,6.2,29,1.6,1.4,17.9,25.7,0.0,-3.3,1.2,-2.1,-0.049,0.0,-3.1,-1.2,-4.3,-1.2
"356","Shabazz Muhammad","SF",23,"MIN",82,1682,15.2,0.548,0.223,0.355,7,11.4,9.2,5.2,0.7,0.3,8.2,22.8,0.0,2.6,0.2,2.7,0.077,0.0,0,-4.2,-4.2,-0.9
"357","Xavier Munford","SG",23,"MEM",14,244,9.9,0.481,0.299,0.182,1.3,13.7,7.2,14.3,2.7,1.1,15.3,18,0.0,-0.2,0.2,0.1,0.017,0.0,-2.9,-0.1,-3.1,-0.1
"358","Mike Muscala","C",24,"ATL",60,565,13.6,0.576,0.257,0.257,7.5,14.9,11.3,9.1,1.1,3.8,13.8,15.5,0.0,0.7,0.9,1.6,0.136,0.0,-2,1.5,-0.5,0.2
"359","Larry Nance Jr.","PF",23,"LAL",63,1266,13.4,0.544,0.033,0.157,8.3,18.6,13.3,5.7,2.1,1.4,11.3,12.6,0.0,1.3,0.9,2.2,0.083,0.0,-2,0.6,-1.4,0.2
"360","Shabazz Napier","PG",24,"ORL",55,600,9.6,0.46,0.517,0.224,1.6,8.6,5.1,23.1,1.9,0.1,17.2,19.7,0.0,-0.3,0.4,0.1,0.004,0.0,-2.3,-2.6,-4.9,-0.4
"361","Gary Neal","SG",31,"WAS",40,807,13.5,0.558,0.308,0.169,1.5,10.2,5.8,9.2,1.2,0.1,7.7,20.5,0.0,0.9,0.5,1.4,0.085,0.0,-0.5,-2.3,-2.8,-0.2
"362","Jameer Nelson","PG",33,"DEN",39,1036,9.5,0.464,0.469,0.114,2,10.4,6.2,27.3,1.2,0.4,17,16.4,0.0,0.1,0.4,0.5,0.024,0.0,-1.2,-1.9,-3.1,-0.3
"363","Raul Neto","PG",23,"UTA",81,1499,10.2,0.53,0.388,0.167,1.3,8,4.7,18.7,2.2,0.1,19.5,17.2,0.0,0.2,1.6,1.8,0.058,0.0,-1.6,-0.7,-2.3,-0.1
"364","Andrew Nicholson","PF",26,"ORL",56,823,14.8,0.567,0.368,0.21,4.5,22.8,13.5,4.8,0.6,2.2,10.8,20.4,0.0,0.8,0.8,1.6,0.092,0.0,-1.7,-2,-3.7,-0.4
"365","Joakim Noah","C",30,"CHI",29,635,14.1,0.406,0.008,0.338,14.7,27.3,21.1,24.2,1.4,3.3,25.4,14.2,0.0,0,1.1,1.1,0.079,0.0,-2.3,4.3,1.9,0.6
"366","Nerlens Noel","C",21,"PHI",67,1965,16.2,0.544,0.003,0.387,8.2,22.2,15,10.5,2.9,3.9,18.7,18.8,0.0,0.3,2.8,3,0.074,0.0,-2.7,3.4,0.7,1.3
"367","Lucas Nogueira","C",23,"TOR",29,225,15.6,0.642,0.068,0.341,9.3,14,11.7,4.9,2.8,4.4,17.9,12.4,0.0,0.3,0.4,0.7,0.154,0.0,-0.4,2.9,2.6,0.3
"368","Steve Novak","PF",32,"OKC",7,24,20.8,0.708,0.75,0,0,17.2,9.1,0,0,0,7.7,23.1,0.0,0.1,0,0.1,0.181,0.0,2.9,-8.5,-5.7,0
"369","Steve Novak","PF",32,"MIL",3,20,6.7,0.543,1,0.167,0,5.7,2.9,0,0,0,0,14.5,0.0,0,0,0,0.05,0.0,-0.5,-7.3,-7.8,0
"370","Dirk Nowitzki","PF",37,"DAL",75,2364,19,0.555,0.308,0.252,2.4,20.3,11.4,10.1,1.1,1.8,6.4,25.5,0.0,4.2,2.6,6.8,0.138,0.0,1.2,-0.3,0.9,1.7
"371","Jusuf Nurkic","C",21,"DEN",32,547,15.9,0.46,0.012,0.409,12.9,22.7,17.7,12.3,2.2,6.5,16.1,27.2,0.0,-0.5,0.9,0.4,0.031,0.0,-4.1,2.8,-1.3,0.1
"372","J.J. O'Brien","SF",23,"UTA",2,6,1.3,0,0,0,0,19.4,9.7,0,8.8,0,0,7.7,0.0,0,0,0,-0.028,0.0,-10.2,5.5,-4.7,0
"373","Johnny O'Bryant","PF",22,"MIL",66,857,7.4,0.441,0.005,0.191,8.7,14.7,11.7,5.4,1.1,0.8,12,13.5,0.0,-0.2,0.4,0.3,0.014,0.0,-4.3,-1.7,-6,-0.9
"374","Kyle O'Quinn","PF",25,"NYK",65,764,17.5,0.52,0.081,0.221,11,24.5,17.9,15.9,1.3,4.9,17,21.2,0.0,0.5,1.2,1.6,0.103,0.0,-1.8,2.5,0.7,0.5
"375","Jahlil Okafor","C",20,"PHI",53,1591,17.1,0.536,0.008,0.248,8.1,17.8,12.8,8.2,0.7,2.9,12.5,27.3,0.0,0.3,0.9,1.2,0.037,0.0,-2.6,-1.5,-4.1,-0.8
"376","Victor Oladipo","SG",23,"ORL",72,2379,16.7,0.534,0.291,0.255,2.2,14,8,18.6,2.4,1.9,12.4,22.9,0.0,2.2,2.7,4.9,0.099,0.0,1,0.8,1.8,2.3
"377","Kelly Olynyk","C",24,"BOS",69,1395,16.3,0.561,0.378,0.23,5.4,16.2,10.7,11.9,1.8,1.8,10.8,20.9,0.0,2.1,2,4.1,0.141,0.0,0.8,0.4,1.2,1.1
"378","Kelly Oubre","SF",20,"WAS",63,671,8.2,0.507,0.374,0.232,4.1,18.4,11.1,2.8,1.6,0.8,12.8,17.4,0.0,-0.3,0.7,0.4,0.031,0.0,-4.3,-1.6,-5.8,-0.7
"379","Zaza Pachulia","C",31,"DAL",76,2004,16.2,0.55,0.006,0.587,13.7,25.7,19.7,9.7,1.6,0.9,16.8,16.2,0.0,3.4,2.7,6,0.145,0.0,-0.8,2.2,1.4,1.7
"380","Kostas Papanikolaou","SF",25,"DEN",26,294,6,0.464,0.485,0.212,3,12.3,7.5,7.8,2.2,1.4,22.5,13.9,0.0,-0.4,0.2,-0.1,-0.022,0.0,-4.5,0.1,-4.3,-0.2
"381","Jabari Parker","PF",20,"MIL",76,2408,14.8,0.535,0.039,0.254,5.9,12.8,9.4,8.9,1.5,1,10.4,20.9,0.0,2.4,1.2,3.6,0.072,0.0,-0.9,-1.5,-2.4,-0.2
"382","Tony Parker","PG",33,"SAS",72,1980,16.2,0.546,0.092,0.241,1,8.8,5.1,29.1,1.4,0.4,14.3,21.2,0.0,2.9,2.9,5.8,0.142,0.0,0.4,-0.3,0.1,1
"383","Chandler Parsons","SF",27,"DAL",61,1799,16.2,0.589,0.386,0.209,1.8,15.6,8.7,16,1.3,1,11.8,20.5,0.0,2.6,1.6,4.3,0.114,0.0,1.6,0.3,1.9,1.8
"384","Lamar Patterson","SG",24,"ATL",35,395,5.1,0.468,0.613,0.275,1.1,12.4,6.9,13.6,1.1,0.4,20.4,12.8,0.0,-0.3,0.5,0.2,0.025,0.0,-4.6,-0.3,-4.9,-0.3
"385","Patrick Patterson","PF",26,"TOR",79,2020,10.6,0.534,0.594,0.069,4.4,14.8,9.7,7.1,1.4,1.3,11.3,12.9,0.0,1.6,2,3.6,0.086,0.0,0.4,0.6,1,1.5
"386","Chris Paul","PG",30,"LAC",74,2420,26.2,0.575,0.295,0.294,1.8,12,7,52.7,3.1,0.4,13.4,27.1,0.0,9.2,3.5,12.7,0.253,0.0,7.3,0.5,7.8,6
"387","Adreian Payne","PF",24,"MIN",52,486,5.6,0.422,0.221,0.179,4.8,21.5,13.3,8.9,1.7,1.8,18.7,17.7,0.0,-0.9,0.4,-0.5,-0.047,0.0,-5.9,-0.2,-6.1,-0.5
"388","Cameron Payne","PG",21,"OKC",57,698,12.9,0.49,0.399,0.086,1.5,11.2,6.6,22.5,2.6,0.7,13.2,20.3,0.0,0.6,0.8,1.4,0.093,0.0,-0.4,-0.9,-1.3,0.1
"389","Elfrid Payton","PG",21,"ORL",73,2145,13.9,0.478,0.126,0.26,3.9,9.6,6.7,32.8,2.1,0.8,17.9,20.4,0.0,0.5,1.7,2.2,0.05,0.0,-0.9,-0.5,-1.3,0.4
"390","Nikola Pekovic","C",30,"MIN",12,156,6.5,0.459,0,0.4,5.3,10.3,7.8,10.7,0.3,0,13.3,19.5,0.0,-0.1,0,-0.1,-0.022,0.0,-4.7,-3.5,-8.2,-0.2
"391","Kendrick Perkins","C",31,"NOP",37,542,6,0.529,0,0.333,4.9,21.8,13.1,7.9,1,1.7,32.3,10.4,0.0,-0.4,0.4,-0.1,-0.007,0.0,-5.6,1.3,-4.3,-0.3
"392","Paul Pierce","SF",38,"LAC",68,1231,8.2,0.489,0.61,0.166,1.1,15.2,8.2,8.5,1.3,1.1,12,17.8,0.0,-0.6,1.4,0.9,0.033,0.0,-2.5,-0.3,-2.8,-0.3
"393","Tibor Pleiss","C",26,"UTA",12,82,3.5,0.464,0.08,0.08,8.6,12.8,10.7,4,0.6,2.1,23.6,19.1,0.0,-0.2,0.1,-0.1,-0.041,0.0,-7,-1.1,-8.1,-0.1
"394","Mason Plumlee","C",25,"POR",82,2084,17.2,0.564,0.008,0.648,10.4,22.2,16.3,16.2,1.6,3.2,18.8,17.1,0.0,3.4,2.7,6.1,0.14,0.0,-0.2,3,2.8,2.5
"395","Miles Plumlee","C",27,"MIL",61,870,17.4,0.606,0,0.253,12.5,18,15.2,2.9,1.2,4.9,13.4,15.5,0.0,1.4,0.8,2.2,0.124,0.0,-1.4,-0.4,-1.8,0
"396","Otto Porter","SF",22,"WAS",75,2276,14.5,0.564,0.372,0.176,4.7,14.7,9.6,7.9,2.2,1.1,8.3,16.2,0.0,3,2.7,5.6,0.119,0.0,0.8,1,1.8,2.2
"397","Bobby Portis","PF",20,"CHI",62,1102,13.8,0.469,0.119,0.151,12,20,16.1,7.5,1.1,1.5,10.4,20.7,0.0,0.3,1.3,1.5,0.066,0.0,-2.4,-0.9,-3.3,-0.4
"398","Kristaps Porzingis","PF",20,"NYK",72,2047,17.7,0.518,0.274,0.271,7.1,20.7,14,7.8,1.3,5,10.9,24.6,0.0,1.5,2.9,4.3,0.102,0.0,-0.8,0.9,0.1,1.1
"399","Dwight Powell","PF",24,"DAL",69,992,16.8,0.557,0.054,0.48,9.3,20.9,15.1,7.2,1.8,2,10,18.4,0.0,1.8,1.3,3.1,0.151,0.0,-1.3,1,-0.3,0.4
"400","Norman Powell","SG",22,"TOR",49,725,13.3,0.541,0.389,0.231,2.6,14.8,8.8,10.4,2.1,1.1,11.3,17.8,0.0,0.7,0.8,1.6,0.105,0.0,-0.3,-0.1,-0.4,0.3
"401","Phil Pressey","PG",24,"PHI",14,170,11.8,0.437,0.236,0.327,0,15.2,7.4,43.2,3.2,0.4,23.2,21.1,0.0,-0.2,0.2,0,-0.014,0.0,-4.2,-1.5,-5.7,-0.2
"402","Phil Pressey","PG",24,"PHO",9,113,8.6,0.422,0.217,0.304,2.8,4.9,3.8,37,3,2.2,34.9,15.1,0.0,-0.2,0.1,-0.1,-0.022,0.0,-5.7,-1.6,-7.3,-0.2
"403","Ronnie Price","PG",32,"PHO",62,1211,9.6,0.517,0.649,0.136,2.2,6.8,4.4,17.9,3,0.9,17.9,13.7,0.0,0.4,1,1.4,0.056,0.0,-0.7,-0.1,-0.8,0.4
"404","Pablo Prigioni","PG",38,"LAC",59,823,10.2,0.482,0.646,0.054,5.1,9.9,7.5,21.8,3.2,0.1,24.6,11,0.0,0.3,1.1,1.5,0.087,0.0,-1.1,1.5,0.4,0.5
"405","Tayshaun Prince","SF",35,"MIN",77,1462,6.3,0.466,0.1,0.083,2.6,9,5.8,7,1.2,0.7,10.2,8.1,0.0,0.1,0.3,0.4,0.014,0.0,-2.9,-0.2,-3.1,-0.4
"406","Julius Randle","PF",21,"LAL",81,2286,13.9,0.482,0.043,0.323,7.8,32,19.5,11,1.2,1,13.5,21.2,0.0,-0.3,1.9,1.6,0.035,0.0,-3.7,0,-3.6,-0.9
"407","Zach Randolph","PF",34,"MEM",68,2016,18.3,0.519,0.029,0.238,9.7,20.7,15,12.9,1.1,0.6,9.5,24.6,0.0,2.8,1.5,4.3,0.103,0.0,0.3,-1.1,-0.8,0.6
"408","J.J. Redick","SG",31,"LAC",75,2097,17.5,0.632,0.478,0.233,0.5,6.6,3.6,8.6,1,0.2,7.4,22.6,0.0,5.3,1.4,6.7,0.154,0.0,3.5,-2.7,0.8,1.5
"409","Willie Reed","PF",25,"BRK",39,426,19.2,0.579,0,0.414,12.7,19.6,16.1,3.8,0.7,5.7,9.2,18.1,0.0,0.9,0.3,1.2,0.134,0.0,-1.2,-0.4,-1.6,0
"410","Josh Richardson","SG",22,"MIA",52,1107,11.4,0.569,0.423,0.232,2.2,8.5,5.5,9.7,1.7,1.7,10.5,13.8,0.0,1.3,1.2,2.5,0.109,0.0,0.2,0.4,0.6,0.7
"411","Austin Rivers","SG",23,"LAC",67,1464,11.1,0.523,0.359,0.225,1.7,7.9,4.8,10.6,1.6,0.5,9.7,19.4,0.0,0.6,1.3,1.9,0.063,0.0,-1.2,-1,-2.2,-0.1
"412","Andre Roberson","SG",24,"OKC",70,1553,10.2,0.566,0.376,0.197,5.9,11.4,8.8,4,1.7,2,10.5,9.1,0.0,1.8,1.6,3.4,0.105,0.0,0,1.3,1.4,1.3
"413","Brian Roberts","PG",30,"CHO",30,333,13.9,0.552,0.235,0.322,1.3,8.3,4.8,18.7,1.1,0.2,10.9,19.9,0.0,0.5,0.3,0.8,0.108,0.0,-1.2,-2.6,-3.8,-0.2
"414","Brian Roberts","PG",30,"POR",21,137,13.7,0.551,0.3,0.2,1.6,7.9,4.7,18.5,1.1,0.6,11.4,19.6,0.0,0.2,0.1,0.3,0.096,0.0,-0.8,-3.3,-4,-0.1
"415","Glenn Robinson","SF",22,"IND",45,508,11.4,0.508,0.245,0.258,2.6,12,7.3,7.7,1.7,1.4,9.7,16.1,0.0,0.2,0.6,0.8,0.078,0.0,-3,0,-3,-0.1
"416","Nate Robinson","PG",31,"NOP",2,23,2.6,0,1,0,0,0,0,21.8,2.2,0,0,1.9,0.0,0,0,0,0.038,0.0,-6.1,-4.7,-10.8,-0.1
"417","Thomas Robinson","PF",24,"BRK",71,917,14.5,0.453,0.003,0.375,16.4,27.8,22,7.7,2.1,3.2,16.9,19.8,0.0,-0.5,1.1,0.6,0.033,0.0,-3.8,0.9,-2.9,-0.2
"418","Rajon Rondo","PG",29,"SAC",72,2537,16.9,0.506,0.217,0.192,3.3,15.2,9.3,48,2.7,0.3,24.7,18.8,0.0,2.3,2.3,4.6,0.087,0.0,0.8,0.2,1,1.9
"419","Derrick Rose","PG",27,"CHI",66,2097,13.5,0.479,0.143,0.171,2.4,8.8,5.6,25.5,1.1,0.5,13.4,27.3,0.0,-0.8,1.2,0.4,0.009,0.0,-1.2,-2.1,-3.3,-0.7
"420","Terrence Ross","SF",24,"TOR",73,1747,12.9,0.551,0.542,0.099,1.4,10.6,6.1,5.3,1.6,1.2,6.6,18.2,0.0,2.1,1.6,3.6,0.1,0.0,1.1,-1.2,-0.2,0.8
"421","Terry Rozier","PG",21,"BOS",39,311,5,0.326,0.255,0.094,8.1,13.5,10.8,16.5,0.9,0.3,14.7,17.7,0.0,-0.6,0.3,-0.3,-0.047,0.0,-5.9,-0.8,-6.6,-0.4
"422","Ricky Rubio","PG",25,"MIN",76,2323,17.6,0.529,0.324,0.536,2,14.1,8.2,41.4,3.5,0.4,21,17.7,0.0,3.6,2.2,5.8,0.119,0.0,1.8,0.1,1.9,2.3
"423","Damjan Rudez","SF",29,"MIN",33,277,5.5,0.572,0.806,0.129,2.1,6.2,4.2,5.8,0.5,0.3,16.6,12.7,0.0,0.1,0,0.1,0.009,0.0,-1.2,-3.5,-4.7,-0.2
"424","Brandon Rush","SG",30,"GSW",72,1055,10.1,0.56,0.604,0.108,2.3,15.4,9.2,7,0.9,1.6,10.8,12.5,0.0,0.8,1.2,2,0.09,0.0,-1.2,-0.2,-1.3,0.2
"425","D'Angelo Russell","PG",19,"LAL",80,2259,13.2,0.507,0.387,0.199,2.2,11.2,6.5,21.2,2.1,0.5,15.9,24.1,0.0,-0.7,0.7,0,0.001,0.0,-0.2,-1.7,-1.8,0.1
"426","Robert Sacre","C",26,"LAL",25,320,10.4,0.474,0,0.507,10.4,13.9,12.1,6.9,0.6,2.5,11.6,14.3,0.0,0.2,0.1,0.3,0.04,0.0,-3.5,-0.8,-4.3,-0.2
"427","JaKarr Sampson","SF",22,"PHI",47,691,7.7,0.49,0.168,0.48,4.6,16.1,10.2,6.9,0.8,1.8,17.2,18.7,0.0,-0.6,0.3,-0.3,-0.021,0.0,-5.8,-1.6,-7.3,-0.9
"428","JaKarr Sampson","SF",22,"DEN",26,469,9.3,0.532,0.252,0.217,3.7,10.8,7.2,5.1,1.3,3,13.1,13.5,0.0,0.1,0.3,0.4,0.045,0.0,-2.8,0.2,-2.6,-0.1
"429","Dennis Schroder","PG",22,"ATL",80,1621,15.5,0.51,0.306,0.233,1.7,11.8,6.9,36.1,2.1,0.4,17.5,28.8,0.0,-0.2,2.3,2.2,0.064,0.0,-0.5,-0.9,-1.4,0.3
"430","Luis Scola","PF",35,"TOR",76,1636,13.6,0.523,0.269,0.14,6,19,12.6,6.8,1.5,1.4,9.7,19.5,0.0,1.4,1.9,3.3,0.098,0.0,-0.8,-0.4,-1.2,0.3
"431","Mike Scott","PF",27,"ATL",75,1146,14,0.575,0.42,0.168,5.2,14.2,9.8,10.5,1.1,1.2,9.4,17.4,0.0,1.7,1.5,3.2,0.132,0.0,-0.2,-0.4,-0.6,0.4
"432","Thabo Sefolosha","SF",31,"ATL",75,1758,12.4,0.578,0.333,0.266,3.3,17.1,10.4,8.8,2.4,1.7,14.1,12.3,0.0,1.3,3.2,4.5,0.122,0.0,-1.7,2.8,1.1,1.4
"433","Kevin Seraphin","C",26,"NYK",48,526,10.8,0.435,0.01,0.112,6.5,19.5,13.1,14.8,0.8,5.2,16.7,22.2,0.0,-0.8,0.7,-0.2,-0.015,0.0,-5.9,1.5,-4.4,-0.3
"434","Ramon Sessions","PG",29,"WAS",82,1667,15.9,0.565,0.188,0.478,1.6,12.2,6.8,22,1.3,0.2,13.8,21.8,0.0,2.5,1.3,3.8,0.109,0.0,-0.3,-1.5,-1.8,0.1
"435","Iman Shumpert","SG",25,"CLE",54,1316,8.4,0.475,0.479,0.167,2.8,14.6,8.7,9.8,2.1,1.2,14.8,13.2,0.0,-0.1,1.8,1.7,0.063,0.0,-2.1,1.9,-0.2,0.6
"436","Jonathon Simmons","SG",26,"SAS",55,813,11.9,0.586,0.194,0.38,2.3,10.8,6.7,10.4,1.5,0.5,15.8,18.9,0.0,0.7,1.3,2,0.119,0.0,-1.1,0.2,-1,0.2
"437","Henry Sims","C",25,"BRK",14,263,13.9,0.504,0,0.39,8.8,22.2,15.4,5.1,1.7,4.3,11.7,17.3,0.0,0.2,0.3,0.4,0.079,0.0,-3.5,0.9,-2.6,0
"438","Kyle Singler","SF",27,"OKC",68,977,6.6,0.481,0.439,0.199,5.9,9.6,7.9,3.2,1.5,0.7,11.7,11.9,0.0,0.3,0.8,1.1,0.054,0.0,-1.7,-0.8,-2.5,-0.1
"439","Donald Sloan","PG",28,"BRK",61,1318,13.9,0.536,0.283,0.297,1.4,13.5,7.4,30,1.2,0.2,16.8,16.1,0.0,1.7,0.3,2,0.071,0.0,-0.3,-2.1,-2.4,-0.1
"440","Marcus Smart","PG",21,"BOS",61,1667,11.3,0.463,0.456,0.314,4.8,11.6,8.1,15.8,2.7,0.8,11.7,17.4,0.0,0.5,2.4,2.9,0.083,0.0,-0.6,1.3,0.7,1.1
"441","Greg Smith","PF",25,"MIN",18,192,7.9,0.545,0,0.531,7.4,17.9,12.7,4.6,1.1,0.4,15.1,10.8,0.0,0.1,0.1,0.2,0.045,0.0,-3,-1.2,-4.3,-0.1
"442","Ish Smith","PG",27,"NOP",27,617,16.3,0.484,0.145,0.189,2.4,14.5,8.3,39.1,1.9,0.8,15.4,20.9,0.0,0.5,0.4,0.9,0.07,0.0,-0.2,-0.9,-1.1,0.1
"443","Ish Smith","PG",27,"PHI",50,1622,14.4,0.46,0.185,0.18,1.9,12.8,7.1,37.9,1.9,0.8,14,25,0.0,-0.6,0.9,0.4,0.011,0.0,-0.8,-1.2,-2,0
"444","J.R. Smith","SG",30,"CLE",77,2362,12.4,0.542,0.6,0.084,2.1,8.3,5.2,8.5,1.8,0.7,6.3,18,0.0,3,2.5,5.5,0.111,0.0,1.8,-0.4,1.3,2
"445","Jason Smith","C",29,"ORL",76,1181,14.6,0.513,0.032,0.133,4.9,15.8,10.3,8.6,1.4,4.6,9.7,22.1,0.0,0.4,1.4,1.8,0.072,0.0,-3.1,0.6,-2.5,-0.1
"446","Josh Smith","PF",30,"LAC",32,459,13.2,0.456,0.322,0.233,8,21.5,14.8,14.3,2,5.8,17.1,23.6,0.0,-0.6,0.9,0.3,0.036,0.0,-3.8,3.6,-0.1,0.2
"447","Josh Smith","PF",30,"HOU",23,421,7.7,0.419,0.503,0.148,4.7,12.9,8.8,17.7,1.9,2.6,16.7,22.1,0.0,-0.7,0.3,-0.4,-0.04,0.0,-3.4,-0.7,-4.1,-0.2
"448","Russ Smith","PG",24,"MEM",15,66,10.5,0.415,0.227,0.591,1.7,14.4,7.8,25.4,3.9,1.4,20.2,23.6,0.0,-0.1,0.1,-0.1,-0.041,0.0,-5,0.3,-4.8,0
"449","Tony Snell","SF",24,"CHI",64,1301,6.4,0.478,0.457,0.097,1.6,14.3,8.1,6.9,0.6,1,12.8,13.7,0.0,-0.5,1,0.4,0.016,0.0,-3.4,-0.7,-4.1,-0.7
"450","Marreese Speights","C",28,"GSW",72,832,17.1,0.506,0.136,0.25,10.6,19.8,15.5,11.4,1.1,3,11.5,29.7,0.0,0.5,1.2,1.8,0.102,0.0,-2.9,-1.1,-3.9,-0.4
"451","Tiago Splitter","C",31,"ATL",36,579,13.7,0.571,0.013,0.31,8.7,13.8,11.3,7.9,1.7,1.6,12,15.5,0.0,0.9,0.9,1.7,0.144,0.0,-1.9,1.1,-0.8,0.2
"452","Nik Stauskas","SG",22,"PHI",73,1809,9.2,0.517,0.596,0.217,1.3,10,5.5,12,1.2,0.8,13.6,16.7,0.0,0,0.5,0.5,0.012,0.0,-1.7,-1.9,-3.6,-0.7
"453","Lance Stephenson","SF",25,"LAC",43,680,9.8,0.569,0.283,0.181,3.1,14,8.7,13.1,1.8,0.3,21.1,15.1,0.0,0.1,0.8,0.9,0.066,0.0,-2.4,0.7,-1.6,0.1
"454","Lance Stephenson","SF",25,"MEM",26,692,17.1,0.537,0.101,0.263,3.3,16.2,9.5,19.2,1.4,0.8,11.8,25.3,0.0,0.8,0.5,1.2,0.086,0.0,0.1,-1.3,-1.2,0.1
"455","Alex Stepheson","PF",28,"LAC",4,12,8.9,0.532,0,2,9.2,8.9,9.1,0,0,13.1,0,7.1,0.0,0,0,0,0.113,0.0,-4.4,4.4,0,0
"456","Alex Stepheson","PF",28,"MEM",4,61,16,0.329,0,0.385,32.3,15.6,24.3,5.2,0.8,4.6,0,22.4,0.0,0,0.1,0.1,0.059,0.0,-1.6,-2.2,-3.8,0
"457","Jarnell Stokes","C",22,"MEM",2,4,13.6,0.0,0.0,0.0,27.3,29.8,28.5,0,0,0,0.0,0,0.0,0,0,0,0.163,0.0,-3.6,-4.3,-7.8,0
"458","Jarnell Stokes","C",22,"MIA",5,14,21.8,0.595,0,0.4,0,15.7,8.1,12.3,3.7,0,0,19.2,0.0,0,0,0.1,0.222,0.0,0.9,0,0.9,0
"459","Amar'e Stoudemire","C",33,"MIA",52,762,17.3,0.599,0,0.303,10,22.6,16.5,5.6,1.2,4.1,15.8,17.8,0.0,1.1,1.3,2.4,0.15,0.0,-1.7,1.4,-0.4,0.3
"460","Rodney Stuckey","PG",29,"IND",58,1275,12.6,0.504,0.187,0.357,1.6,11.7,6.7,17.2,1.7,0.5,12.9,20.3,0.0,0.5,1.5,2,0.077,0.0,-2.1,-0.3,-2.5,-0.2
"461","Jared Sullinger","PF",23,"BOS",81,1915,16.7,0.476,0.128,0.2,10.6,27,18.7,15.5,1.9,1.9,10.4,21.8,0.0,1.3,3.6,4.8,0.121,0.0,-1.2,2.3,1.1,1.5
"462","Walter Tavares","C",23,"ATL",11,73,14.4,0.555,0,0.421,10.7,20.5,15.7,6.3,0.7,6.5,18.2,16.9,0.0,0,0.1,0.2,0.106,0.0,-4.9,2.5,-2.3,0
"463","Jeff Teague","PG",27,"ATL",79,2255,17.9,0.551,0.278,0.316,1.6,8.6,5.2,34.4,2.1,0.8,16.2,26.6,0.0,2.8,3,5.9,0.125,0.0,1.2,-0.9,0.3,1.3
"464","Mirza Teletovic","PF",30,"PHO",79,1686,16.2,0.571,0.592,0.199,3.5,16.3,9.7,9.1,0.9,1,9,23.4,0.0,2.9,0.9,3.8,0.109,0.0,2.3,-2.7,-0.5,0.7
"465","Garrett Temple","SF",29,"WAS",80,1951,9.3,0.52,0.511,0.248,2,10.3,6.1,10,1.7,0.7,10.3,14,0.0,1,1.7,2.7,0.066,0.0,-1,0.1,-1,0.5
"466","Jason Terry","SG",38,"HOU",72,1258,10.2,0.54,0.694,0.088,1.2,5.7,3.5,12.4,1.8,0.6,11.1,15,0.0,1.1,0.4,1.5,0.057,0.0,-0.2,-2.6,-2.8,-0.3
"467","Isaiah Thomas","PG",26,"BOS",82,2644,21.5,0.562,0.336,0.394,1.8,8,4.9,32.7,1.7,0.3,11.9,29.6,0.0,7.2,2.5,9.7,0.177,0.0,5,-2,3,3.3
"468","Lance Thomas","PF",27,"NYK",59,1313,10.4,0.557,0.285,0.312,2.9,8,5.4,6.4,0.9,0.4,11.6,16.9,0.0,1.2,0.5,1.7,0.062,0.0,-1.2,-2.1,-3.2,-0.4
"469","Hollis Thompson","SG",24,"PHI",77,2154,9.2,0.525,0.576,0.141,2.6,11.4,6.9,7.4,0.8,0.8,9.5,16.2,0.0,0.7,0.5,1.2,0.026,0.0,-1.1,-2,-3.1,-0.6
"470","Jason Thompson","C",29,"GSW",28,179,13.3,0.535,0,0.762,6.4,25,16.2,13.9,1.1,3.3,11.1,15.2,0.0,0.3,0.3,0.6,0.169,0.0,-2.6,1.9,-0.7,0.1
"471","Jason Thompson","C",29,"TOR",19,292,14.7,0.575,0.227,0.333,8.8,22.4,15.7,5.3,1.4,3.4,9.6,13,0.0,0.6,0.4,1,0.163,0.0,-0.5,1.4,0.9,0.2
"472","Klay Thompson","SG",25,"GSW",80,2666,18.6,0.597,0.469,0.159,1.5,10.3,6.2,9.8,1.1,1.4,8.5,26.3,0.0,5.4,2.6,8,0.144,0.0,2.9,-2.2,0.7,1.8
"473","Tristan Thompson","PF",24,"CLE",82,2269,15.9,0.611,0,0.576,13.5,23.3,18.4,4,0.9,1.8,10.4,11.7,0.0,5.6,3.1,8.7,0.185,0.0,0.2,1.3,1.5,2
"474","Marcus Thornton","SG",28,"HOU",47,885,14.6,0.512,0.497,0.133,3.8,10.5,7.2,12.8,1.9,0.3,8,24.3,0.0,0.9,0.4,1.3,0.072,0.0,0.8,-3.3,-2.5,-0.1
"475","Marcus Thornton","SG",28,"WAS",14,224,15.5,0.508,0.505,0.196,3.4,14.3,8.7,13.4,2.8,0.4,8.6,24.8,0.0,0.1,0.3,0.4,0.08,0.0,0.6,-1.2,-0.7,0.1
"476","Anthony Tolliver","PF",30,"DET",72,1341,10.2,0.543,0.819,0.142,3.1,16.1,9.3,5.6,1,0.9,7.4,12.4,0.0,1.5,1.3,2.8,0.1,0.0,0,0,0,0.7
"477","Axel Toupane","SF",23,"DEN",21,305,7.1,0.49,0.571,0.243,2.9,8.5,5.6,7,1.2,1.6,7.2,12,0.0,0.2,0.1,0.3,0.049,0.0,-1.7,-1.1,-2.8,-0.1
"478","Karl-Anthony Towns","C",20,"MIN",82,2627,22.5,0.59,0.076,0.239,10.2,27.5,19,11.3,1.1,4.3,12.6,24.9,0.0,5.4,2.8,8.3,0.151,0.0,1.6,1.2,2.8,3.1
"479","P.J. Tucker","SF",30,"PHO",82,2540,10.8,0.506,0.354,0.244,6.9,15.2,10.9,10.2,2,0.6,14.7,12.7,0.0,1.5,1.9,3.5,0.066,0.0,-0.7,1.3,0.6,1.7
"480","Evan Turner","SG",27,"BOS",81,2271,13.6,0.513,0.11,0.238,2.3,16.5,9.3,23.9,1.7,1,16.9,18.8,0.0,1,3,4,0.085,0.0,-1.9,1.3,-0.7,0.8
"481","Myles Turner","C",19,"IND",60,1367,15.4,0.531,0.026,0.228,5.5,21,13.3,5,0.9,5.1,10.3,20.9,0.0,0.8,2.3,3.1,0.109,0.0,-3.7,1.4,-2.3,-0.1
"482","Beno Udrih","PG",33,"MEM",8,120,12.6,0.497,0.239,0.065,1.8,7,4.3,36.4,1.3,0.8,18.9,21.8,0.0,0,0,0.1,0.024,0.0,-1.6,-4.2,-5.8,-0.1
"483","Beno Udrih","PG",33,"MIA",36,587,8.9,0.495,0.217,0.112,1.2,10.7,6.1,22.5,1,0,20.8,15.7,0.0,-0.1,0.5,0.4,0.03,0.0,-3.1,-1.5,-4.6,-0.4
"484","Jonas Valanciunas","C",23,"TOR",60,1557,22.6,0.61,0,0.397,13.8,26.3,20.1,4.8,0.8,4.2,11.9,20.9,0.0,4.5,2.4,6.9,0.211,0.0,0.7,0.4,1.1,1.2
"485","Anderson Varejao","C",33,"CLE",31,310,11.2,0.469,0.013,0.276,8.8,24.3,16.6,9.3,1.8,1.3,15.8,14.8,0.0,0.1,0.5,0.6,0.089,0.0,-4.1,1.8,-2.3,0
"486","Anderson Varejao","C",33,"GSW",22,186,11,0.477,0,0.604,8,20.2,14.5,10.5,1.3,2,9,15.5,0.0,0.2,0.3,0.5,0.12,0.0,-3.3,0.8,-2.5,0
"487","Greivis Vasquez","PG",29,"MIL",23,460,7.4,0.435,0.529,0.188,1.3,10.3,5.8,28.5,1.1,0,21.1,18.5,0.0,-0.4,0.1,-0.3,-0.033,0.0,-3,-3.9,-6.9,-0.6
"488","Rashad Vaughn","SG",19,"MIL",70,1001,4.2,0.398,0.553,0.056,1.3,8.7,5,5.5,1.5,1.4,9.3,13.5,0.0,-1.2,0.4,-0.8,-0.036,0.0,-4.3,-1.9,-6.1,-1
"489","Charlie Villanueva","PF",31,"DAL",62,665,11.9,0.473,0.526,0.073,4,21.1,12.5,6.2,1.4,1.9,8.4,25.3,0.0,-0.6,0.8,0.2,0.016,0.0,-2.8,-1.8,-4.6,-0.4
"490","Noah Vonleh","PF",20,"POR",78,1174,8.6,0.471,0.165,0.183,8.4,19.8,14.1,3.7,1.2,1.7,14.3,13,0.0,0,1.1,1.2,0.047,0.0,-4,0,-4,-0.6
"491","Nikola Vucevic","C",25,"ORL",65,2037,21.1,0.531,0.009,0.143,9.3,22.2,15.7,15.9,1.3,2.8,10,26.8,0.0,2.8,2.4,5.2,0.122,0.0,0.7,1.1,1.8,2
"492","Sasha Vujacic","SG",31,"NYK",61,908,11.1,0.503,0.516,0.141,3.2,14.6,9,14.3,1.9,0.4,13,16.8,0.0,0.3,0.8,1.1,0.06,0.0,-0.8,-0.7,-1.5,0.1
"493","Dwyane Wade","SG",34,"MIA",74,2258,20.3,0.517,0.037,0.343,4.3,10.7,7.6,27.4,1.8,1.4,13,31.6,0.0,2.4,2.6,4.9,0.105,0.0,0.9,-0.1,0.8,1.6
"494","Dion Waiters","SG",24,"OKC",78,2152,9.4,0.492,0.34,0.222,1.9,8,5.1,10,1.9,0.5,13.4,17.7,0.0,0.3,1.8,2.1,0.046,0.0,-1.5,-0.6,-2.1,-0.1
"495","Kemba Walker","PG",25,"CHO",81,2885,20.8,0.554,0.368,0.329,2.1,11.5,6.8,25.7,2.2,1.1,10.1,26.5,0.0,6.3,3.6,9.9,0.165,0.0,4,0,4,4.4
"496","John Wall","PG",25,"WAS",77,2784,19.8,0.51,0.243,0.255,1.7,13.8,7.6,46.2,2.5,1.7,17.5,28.6,0.0,2.2,3.5,5.7,0.098,0.0,2.2,1,3.2,3.7
"497","T.J. Warren","SF",22,"PHO",47,1070,15.7,0.549,0.159,0.145,5.7,9.3,7.5,7.2,1.7,1.2,6.4,19.9,0.0,1.7,0.6,2.2,0.101,0.0,0.2,-1.3,-1.2,0.2
"498","C.J. Watson","PG",31,"ORL",33,656,8.6,0.461,0.35,0.285,1.7,9.6,5.6,18.1,1.4,0.6,14,12.1,0.0,0.2,0.4,0.6,0.047,0.0,-2.5,-0.8,-3.3,-0.2
"499","Briante Weber","PG",23,"MEM",6,166,8.3,0.365,0.132,0.105,5.3,11.5,8.2,17.6,2.8,1.7,18.5,13.2,0.0,-0.2,0.2,0,-0.007,0.0,-4,1.6,-2.4,0
"500","Briante Weber","PG",23,"MIA",1,3,39.3,1,0,0,0,36.6,18.9,72.3,0,0,0,15.2,0.0,0,0,0,0.634,0.0,15.3,-1.3,14,0
"501","Sonny Weems","SG",29,"PHO",36,421,4.3,0.475,0.36,0.146,1.5,9.2,5.3,16.2,1.2,0.2,28.1,13.3,0.0,-0.5,0.1,-0.4,-0.043,0.0,-5.3,-1.5,-6.8,-0.5
"502","Sonny Weems","SF",29,"PHI",7,78,0.8,0.388,0.429,0.095,1.3,15.9,8.4,3.9,0,0,15.5,14.5,0.0,-0.2,0,-0.2,-0.104,0.0,-8.2,-3.5,-11.7,-0.2
"503","David West","PF",35,"SAS",78,1404,17.6,0.573,0.016,0.179,6,18.6,12.5,15.4,1.6,3,12.3,18,0.0,2.4,2.9,5.4,0.184,0.0,0.1,3.3,3.4,1.9
"504","Russell Westbrook","PG",27,"OKC",80,2750,27.6,0.554,0.236,0.397,6.1,18.1,12.4,49.6,2.9,0.6,16.8,31.6,0.0,10,4,14,0.245,0.0,7.6,2.4,10,8.3
"505","Hassan Whiteside","C",26,"MIA",73,2125,25.7,0.629,0,0.482,13.1,32.4,23.1,2.4,1.1,9.7,14.2,20.7,0.0,5,5.3,10.3,0.233,0.0,-0.9,3.4,2.5,2.4
"506","Shayne Whittington","PF",24,"IND",7,41,7.4,0.463,0.182,0.182,13.4,18.6,16,10.9,1.2,2,29.6,18.1,0.0,-0.1,0.1,0,-0.009,0.0,-5.4,1,-4.5,0
"507","Andrew Wiggins","SF",20,"MIN",81,2845,16.5,0.543,0.147,0.437,4.4,7.5,6,10.1,1.4,1.3,10.6,27.2,0.0,3.4,0.7,4.1,0.069,0.0,0.4,-2.5,-2.1,-0.1
"508","C.J. Wilcox","SG",25,"LAC",23,167,12.9,0.491,0.348,0.182,0.7,7.1,3.9,9.4,3,0.9,2.7,19.8,0.0,0.1,0.2,0.3,0.089,0.0,-1.5,-0.9,-2.4,0
"509","Alan Williams","PF",23,"PHO",10,68,21.1,0.481,0,0.583,21.9,39.2,30.3,11.7,2.9,6,16.6,22.6,0.0,0.1,0.2,0.2,0.146,0.0,-2.5,4,1.5,0.1
"510","Deron Williams","PG",31,"DAL",65,2106,14.6,0.53,0.364,0.266,1,8.9,5,29.3,1.5,0.6,14.8,22,0.0,2.2,1.4,3.7,0.083,0.0,0.9,-1,-0.1,1
"511","Derrick Williams","SF",24,"NYK",80,1435,17.2,0.55,0.265,0.453,3.6,18.7,11.3,8.9,1,0.5,8.3,23.3,0.0,2.4,1.2,3.6,0.12,0.0,-0.1,-2.4,-2.6,-0.2
"512","Elliot Williams","PG",26,"MEM",5,45,3.3,0.34,0.4,0.4,2.4,7.9,5.1,12.4,0,0,7.8,12.7,0.0,0,0,0,-0.046,0.0,-5.2,-3.5,-8.7,-0.1
"513","Lou Williams","SG",29,"LAL",67,1907,17.7,0.584,0.462,0.612,1.7,8.1,4.8,15.1,1.6,0.8,10.8,22.8,0.0,4.5,0.3,4.7,0.119,0.0,3,-2.7,0.3,1.1
"514","Marvin Williams","PF",29,"CHO",81,2338,16.8,0.585,0.506,0.193,5.9,18.6,12.2,7.6,1.2,2.7,7.1,16.8,0.0,4.7,3.2,7.8,0.161,0.0,1.7,1,2.7,2.7
"515","Mo Williams","PG",33,"CLE",41,748,12.4,0.527,0.338,0.139,0.9,9.9,5.4,21.1,1,0.5,15.1,22.8,0.0,0.4,0.7,1.1,0.067,0.0,-1.3,-2.1,-3.3,-0.2
"516","Justise Winslow","SF",19,"MIA",78,2232,8.4,0.489,0.251,0.253,4.2,15.8,10.2,7.4,1.6,0.9,15.6,12.5,0.0,-0.2,2.7,2.5,0.054,0.0,-2.2,1.6,-0.6,0.8
"517","Jeff Withey","C",25,"UTA",51,658,17.7,0.577,0.012,0.364,10,20.7,15.4,5,1.7,6.8,13,15.1,0.0,1.1,1.3,2.3,0.171,0.0,-2,3.7,1.7,0.6
"518","Christian Wood","PF",20,"PHI",17,145,16.4,0.49,0.208,0.396,9.4,19.4,14.3,3.5,1.7,3.7,3.1,19.4,0.0,0.2,0.1,0.3,0.097,0.0,-2.9,-1.6,-4.5,-0.1
"519","Metta World Peace","SF",36,"LAL",35,590,8.3,0.435,0.475,0.322,3.4,13.2,8.1,7.2,1.9,1.5,6.9,16.2,0.0,-0.2,0.3,0.1,0.008,0.0,-2.8,-1,-3.8,-0.3
"520","Brandan Wright","PF",28,"MEM",12,212,18.3,0.663,0,0.462,7.2,16.3,11.6,4.7,1.2,6.6,13.8,15.4,0.0,0.4,0.2,0.7,0.147,0.0,-0.9,1.9,0.9,0.2
"521","Delon Wright","PG",23,"TOR",27,229,17.8,0.54,0.163,0.438,4.1,14.3,9.3,22.5,1.8,1.1,14.4,22.1,0.0,0.3,0.2,0.6,0.124,0.0,-0.1,-0.6,-0.7,0.1
"522","Tony Wroten","PG",22,"PHI",8,144,1.8,0.412,0.262,0.569,1.5,14.9,7.9,23.3,1,0,26.3,33.5,0.0,-0.8,0,-0.8,-0.263,0.0,-9.9,-3.5,-13.4,-0.4
"523","James Young","SG",20,"BOS",29,199,3.6,0.384,0.722,0.111,2.1,11.9,6.9,6,1.5,0.4,11.7,9.1,0.0,-0.2,0.2,0.1,0.013,0.0,-4.7,0.1,-4.6,-0.1
"524","Joe Young","PG",23,"IND",41,384,9.9,0.428,0.272,0.148,1.7,12.5,7.1,26.9,1.9,0,15.5,24.4,0.0,-0.5,0.5,-0.1,-0.009,0.0,-3.9,-1.5,-5.4,-0.3
"525","Nick Young","SG",30,"LAL",54,1033,9.1,0.483,0.637,0.204,1.4,9,5.1,5.4,1.1,0.5,6.9,18.5,0.0,0.1,0,0.1,0.003,0.0,-1.4,-3.5,-4.8,-0.7
"526","Thaddeus Young","PF",27,"BRK",73,2407,17.5,0.533,0.031,0.169,8.1,23,15.4,9.5,2.3,1.2,11.6,21.6,0.0,1.9,2.2,4.1,0.081,0.0,-0.5,0.6,0.1,1.3
"527","Cody Zeller","C",23,"CHO",73,1774,16.1,0.592,0.023,0.531,8.4,19.7,14,6.3,1.6,2.9,11.2,15.4,0.0,3.6,2.7,6.3,0.169,0.0,-1,2,1,1.3
"528","Tyler Zeller","C",26,"BOS",60,710,15.4,0.539,0,0.372,9.1,17.6,13.3,6.6,0.7,2.4,12,23,0.0,0.8,0.9,1.7,0.114,0.0,-3.2,-1.1,-4.4,-0.4
